#VRML V2.0 utf8
Shape {
 appearance Appearance { material Material {
  diffuseColor 0.1 0.1 0.1
  specularColor 0.3 0.3 0.3
  shininess 0.3
 } }
 geometry IndexedFaceSet {
  coord Coordinate { point [
   -2.293307 2.051181 -2.283464,
   -2.352362 2.051181 -2.283464,
   -2.352362 2.130212 -2.253127,
   -2.293307 2.130212 -2.253127,
   -2.352362 2.169291 -2.165354,
   -2.293307 2.169291 -2.165354,
   -2.352362 1.980315 -2.283464,
   -2.293307 1.980315 -2.283464,
   -2.293307 1.901284 -2.253127,
   -2.352362 1.901284 -2.253127,
   -2.293307 1.862205 -2.165354,
   -2.352362 1.862205 -2.165354,
   -2.293307 1.051181 -2.283464,
   -2.352362 1.051181 -2.283464,
   -2.352362 1.130212 -2.253127,
   -2.293307 1.130212 -2.253127,
   -2.352362 1.169291 -2.165354,
   -2.293307 1.169291 -2.165354,
   -3.011811 -1.141732 0.866142,
   -3.011811 2.598425 0.866142,
   -3.307086 -1.141732 0.866142,
   -3.307086 2.598425 0.866142,
   -3.011811 2.992126 0.472441,
   -3.307086 2.992126 0.472441,
   -3.307086 2.989969 0.513594,
   -3.011811 2.989969 0.513594,
   -3.307086 2.972857 0.594101,
   -3.011811 2.972857 0.594101,
   -3.307086 2.939380 0.669291,
   -3.011811 2.939380 0.669291,
   -3.307086 2.891002 0.735878,
   -3.011811 2.891002 0.735878,
   -3.307086 2.829837 0.790952,
   -3.011811 2.829837 0.790952,
   -3.307086 2.758558 0.832105,
   -3.011811 2.758558 0.832105,
   -3.307086 2.680280 0.857538,
   -3.011811 2.680280 0.857538,
   -3.011811 2.992126 -0.787402,
   -3.307086 2.992126 -0.787402,
   3.011811 2.497115 0.858362,
   3.011811 2.559564 0.844616,
   3.011811 2.454238 0.465266,
   3.011811 2.291105 0.112660,
   3.011811 2.309369 0.101671,
   3.011811 1.811024 -0.787402,
   3.011811 2.390917 0.079029,
   3.011811 2.992126 -0.787402,
   3.011811 2.369728 0.469848,
   3.011811 2.306034 0.858362,
   3.011811 2.369603 0.865276,
   3.011811 2.474437 0.092721,
   3.011811 2.544487 0.140217,
   3.011811 2.992126 0.275591,
   3.011811 1.865605 0.523557,
   3.011811 2.222918 0.358246,
   3.011811 1.841937 0.464154,
   3.011811 1.824830 0.402542,
   3.011811 2.871709 0.632977,
   3.011811 2.907593 0.580051,
   3.011811 2.580231 0.358246,
   3.011811 2.937544 0.523557,
   3.011811 2.961213 0.464154,
   3.011811 2.588121 0.212736,
   3.011811 2.598425 0.275591,
   3.011811 2.988664 0.339440,
   3.011811 2.978319 0.402542,
   3.011811 2.830312 0.681712,
   3.011811 2.529013 0.425622,
   3.011811 2.783889 0.725686,
   3.011811 2.433547 0.865276,
   3.011811 1.972837 0.681712,
   3.011811 2.274137 0.425622,
   3.011811 1.931441 0.632977,
   3.011811 1.895557 0.580051,
   3.011811 1.814486 0.339440,
   3.011811 2.204724 0.275591,
   3.011811 1.811024 0.275591,
   3.011811 2.222918 0.192935,
   3.011811 2.274137 0.125559,
   3.011811 2.620160 0.824199,
   3.011811 2.678194 0.797350,
   3.011811 2.732984 0.764383,
   3.011811 2.291105 0.438521,
   3.011811 2.182989 0.824199,
   3.011811 2.243586 0.844616,
   3.011811 2.019260 0.725686,
   3.011811 2.070165 0.764383,
   3.011811 2.124956 0.797350,
   3.307086 2.992126 -0.787402,
   3.307086 2.992126 0.275591,
   3.307086 1.811024 0.275591,
   3.307086 1.814486 0.339440,
   3.307086 1.824830 0.402542,
   3.307086 1.841937 0.464154,
   3.307086 1.865605 0.523557,
   3.307086 1.895557 0.580051,
   3.307086 1.931441 0.632977,
   3.307086 1.972837 0.681712,
   3.307086 2.019260 0.725686,
   3.307086 2.070165 0.764383,
   3.307086 2.124956 0.797350,
   3.307086 2.182989 0.824199,
   3.307086 2.243586 0.844616,
   3.307086 2.306034 0.858362,
   3.307086 2.369603 0.865276,
   3.307086 2.433547 0.865276,
   3.307086 2.497115 0.858362,
   3.307086 2.559564 0.844616,
   3.307086 2.620160 0.824199,
   3.307086 2.678194 0.797350,
   3.307086 2.732984 0.764383,
   3.307086 2.783889 0.725686,
   3.307086 2.830312 0.681712,
   3.307086 2.871709 0.632977,
   3.307086 2.907593 0.580051,
   3.307086 2.937544 0.523557,
   3.307086 2.961213 0.464154,
   3.307086 2.978319 0.402542,
   3.307086 2.988664 0.339440,
   3.307086 1.811024 -0.787402,
   3.011811 -1.338583 0.275591,
   3.307086 -1.338583 0.275591,
   3.011811 -1.356776 0.358246,
   3.307086 -1.356776 0.358246,
   3.011811 -1.407995 0.425622,
   3.307086 -1.407995 0.425622,
   3.011811 -1.482770 0.465266,
   3.307086 -1.482770 0.465266,
   3.011811 -1.567280 0.469848,
   3.307086 -1.567280 0.469848,
   3.011811 -1.645903 0.438521,
   3.307086 -1.645903 0.438521,
   3.011811 -1.662871 0.425622,
   3.307086 -1.662871 0.425622,
   3.011811 -1.714090 0.358246,
   3.307086 -1.714090 0.358246,
   3.011811 -1.732284 0.275591,
   3.307086 -1.732284 0.275591,
   3.011811 -1.714090 0.192935,
   3.307086 -1.714090 0.192935,
   3.011811 -1.662871 0.125559,
   3.307086 -1.662871 0.125559,
   3.011811 -1.645903 0.112660,
   3.307086 -1.645903 0.112660,
   3.011811 -1.627640 0.101671,
   3.307086 -1.627640 0.101671,
   3.011811 -1.546090 0.079029,
   3.307086 -1.546090 0.079029,
   3.011811 -1.462571 0.092721,
   3.307086 -1.462571 0.092721,
   3.011811 -1.392521 0.140217,
   3.307086 -1.392521 0.140217,
   3.011811 -1.348887 0.212736,
   3.307086 -1.348887 0.212736,
   3.011811 -2.125984 -0.787402,
   3.011811 -0.944882 -0.787402,
   3.011811 -1.439892 0.858362,
   3.011811 -1.377444 0.844616,
   3.011811 -1.630974 0.858362,
   3.011811 -1.567405 0.865276,
   3.011811 -0.944882 0.275591,
   3.011811 -1.153118 0.725686,
   3.011811 -1.106696 0.681712,
   3.011811 -1.065299 0.632977,
   3.011811 -1.029415 0.580051,
   3.011811 -0.999463 0.523557,
   3.011811 -1.316848 0.824199,
   3.011811 -1.258814 0.797350,
   3.011811 -1.204023 0.764383,
   3.011811 -0.975795 0.464154,
   3.011811 -0.958689 0.402542,
   3.011811 -0.948344 0.339440,
   3.011811 -1.503461 0.865276,
   3.011811 -2.071403 0.523557,
   3.011811 -2.095071 0.464154,
   3.011811 -2.112177 0.402542,
   3.011811 -1.964171 0.681712,
   3.011811 -2.005567 0.632977,
   3.011811 -2.041451 0.580051,
   3.011811 -2.122523 0.339440,
   3.011811 -2.125984 0.275591,
   3.011811 -1.754019 0.824199,
   3.011811 -1.693422 0.844616,
   3.011811 -1.917748 0.725686,
   3.011811 -1.866843 0.764383,
   3.011811 -1.812052 0.797350,
   3.307086 -0.944882 -0.787402,
   3.307086 -0.944882 0.275591,
   3.307086 -2.125984 0.275591,
   3.307086 -2.122523 0.339440,
   3.307086 -2.112177 0.402542,
   3.307086 -2.095071 0.464154,
   3.307086 -2.071403 0.523557,
   3.307086 -2.041451 0.580051,
   3.307086 -2.005567 0.632977,
   3.307086 -1.964171 0.681712,
   3.307086 -1.917748 0.725686,
   3.307086 -1.866843 0.764383,
   3.307086 -1.812052 0.797350,
   3.307086 -1.754019 0.824199,
   3.307086 -1.693422 0.844616,
   3.307086 -1.630974 0.858362,
   3.307086 -1.567405 0.865276,
   3.307086 -1.503461 0.865276,
   3.307086 -1.439892 0.858362,
   3.307086 -1.377444 0.844616,
   3.307086 -1.316848 0.824199,
   3.307086 -1.258814 0.797350,
   3.307086 -1.204023 0.764383,
   3.307086 -1.153118 0.725686,
   3.307086 -1.106696 0.681712,
   3.307086 -1.065299 0.632977,
   3.307086 -1.029415 0.580051,
   3.307086 -0.999463 0.523557,
   3.307086 -0.975795 0.464154,
   3.307086 -0.958689 0.402542,
   3.307086 -0.948344 0.339440,
   3.307086 -2.125984 -0.787402,
   -2.145669 -1.929134 -1.732284,
   -2.072628 -1.984209 -1.701946,
   -2.149811 -1.967219 -1.732284,
   -2.103311 -2.061217 -1.701946,
   -2.171029 -2.020472 -1.732284,
   -2.156976 -2.124397 -1.701946,
   -2.208140 -2.064163 -1.732284,
   -2.228006 -2.167134 -1.701946,
   -2.257259 -2.093716 -1.732284,
   -2.308964 -2.184955 -1.701946,
   -2.313243 -2.106039 -1.732284,
   -2.391374 -2.175992 -1.701946,
   -2.370231 -2.099841 -1.732284,
   -2.466609 -2.141185 -1.701946,
   -2.422258 -2.075772 -1.732284,
   -2.526791 -2.084177 -1.701946,
   -2.463875 -2.036350 -1.732284,
   -2.565620 -2.010938 -1.701946,
   -2.490726 -1.985703 -1.732284,
   -2.579031 -1.929134 -1.701946,
   -2.500000 -1.929134 -1.732284,
   -2.577529 -1.901434 -1.701946,
   -2.498961 -1.909979 -1.732284,
   -2.555352 -1.821560 -1.701946,
   -2.483625 -1.854744 -1.732284,
   -2.508832 -1.752948 -1.701946,
   -2.451456 -1.807297 -1.732284,
   -2.442839 -1.702781 -1.701946,
   -2.405820 -1.772606 -1.732284,
   -2.364283 -1.676312 -1.701946,
   -2.351497 -1.754302 -1.732284,
   -2.281387 -1.676312 -1.701946,
   -2.294173 -1.754302 -1.732284,
   -2.202830 -1.702781 -1.701946,
   -2.239849 -1.772606 -1.732284,
   -2.136837 -1.752948 -1.701946,
   -2.194213 -1.807297 -1.732284,
   -2.090317 -1.821560 -1.701946,
   -2.162044 -1.854744 -1.732284,
   -2.068140 -1.901434 -1.701946,
   -2.146708 -1.909979 -1.732284,
   -2.066638 -1.929134 -1.701946,
   -2.306849 -2.223977 -1.614173,
   -2.401829 -2.213647 -1.614173,
   -2.488540 -2.173530 -1.614173,
   -2.557902 -2.107827 -1.614173,
   -2.602654 -2.023416 -1.614173,
   -2.618110 -1.929134 -1.614173,
   -2.616379 -1.897209 -1.614173,
   -2.590819 -1.805151 -1.614173,
   -2.537203 -1.726073 -1.614173,
   -2.461144 -1.668254 -1.614173,
   -2.370605 -1.637748 -1.614173,
   -2.275064 -1.637748 -1.614173,
   -2.184525 -1.668254 -1.614173,
   -2.157130 -1.684737 -1.614173,
   -2.108466 -1.726073 -1.614173,
   -2.054850 -1.805151 -1.614173,
   -2.029290 -1.897209 -1.614173,
   -2.027559 -1.929134 -1.614173,
   -2.034462 -1.992609 -1.614173,
   -2.069826 -2.081364 -1.614173,
   -2.131677 -2.154182 -1.614173,
   -2.157130 -2.173530 -1.614173,
   -2.213542 -2.203438 -1.614173,
   -2.322835 -1.929134 -1.732284,
   -2.029290 -1.897209 -1.181102,
   -2.054850 -1.805151 -1.181102,
   -2.108466 -1.726073 -1.181102,
   -2.157130 -1.684737 -1.181102,
   -2.184525 -1.668254 -1.181102,
   -2.275064 -1.637748 -1.181102,
   -2.370605 -1.637748 -1.181102,
   -2.461144 -1.668254 -1.181102,
   -2.537203 -1.726073 -1.181102,
   -2.590819 -1.805151 -1.181102,
   -2.616379 -1.897209 -1.181102,
   -2.618110 -1.929134 -1.181102,
   -2.602654 -2.023416 -1.181102,
   -2.557902 -2.107827 -1.181102,
   -2.488540 -2.173530 -1.181102,
   -2.401829 -2.213647 -1.181102,
   -2.306849 -2.223977 -1.181102,
   -2.213542 -2.203438 -1.181102,
   -2.157130 -2.173530 -1.181102,
   -2.131677 -2.154182 -1.181102,
   -2.069826 -2.081364 -1.181102,
   -2.034462 -1.992609 -1.181102,
   2.401575 -1.141732 -2.047244,
   2.401575 -0.354331 -2.047244,
   3.307086 -1.141732 -2.047244,
   3.307086 -0.354331 -2.047244,
   3.307086 -0.354331 -1.811024,
   2.795276 -0.354331 -1.811024,
   2.401575 -0.354331 -1.811024,
   2.401575 -1.141732 -1.811024,
   3.307086 -1.141732 -1.811024,
   2.795276 -1.141732 -1.811024,
   2.795276 -2.322835 -1.811024,
   3.307086 -2.322835 -1.811024,
   2.795276 -2.322835 -1.181102,
   3.307086 -2.322835 -0.787402,
   -2.160433 -2.322835 -1.181102,
   -3.307086 -2.322835 -0.787402,
   -3.307086 -2.322835 -1.181102,
   -3.307086 3.188977 -0.787402,
   -3.307086 3.188977 -1.181102,
   -3.307086 0.515748 -1.181102,
   -3.307086 -1.535433 -0.787402,
   -3.307086 2.274137 0.150032,
   -3.307086 2.222918 0.082655,
   -3.307086 2.512045 0.162931,
   -3.307086 -1.087794 -0.135374,
   -3.307086 -1.017744 -0.182869,
   -3.307086 -0.934225 -0.196562,
   -3.307086 -0.852676 -0.173920,
   -3.307086 -0.766225 -0.082655,
   -3.307086 -0.817444 -0.150032,
   -3.307086 -0.834412 -0.162931,
   -3.307086 2.348912 0.189675,
   -3.307086 2.433422 0.194257,
   -3.307086 -1.405170 0.765018,
   -3.307086 -1.338583 0.813396,
   -3.307086 -0.997545 0.189675,
   -3.307086 2.204724 -0.000000,
   -3.307086 2.215029 -0.062855,
   -3.307086 2.258662 -0.135374,
   -3.307086 2.328713 -0.182869,
   -3.307086 2.412232 -0.196562,
   -3.307086 2.493781 -0.173920,
   -3.307086 2.580231 -0.082655,
   -3.307086 -0.913035 0.194257,
   -3.307086 -1.182885 0.863985,
   -3.307086 -1.263393 0.846873,
   -3.307086 -1.072320 0.150032,
   -3.307086 -1.123538 0.082655,
   -3.307086 -1.535433 0.472441,
   -3.307086 -1.141732 -0.000000,
   -3.307086 -1.131428 -0.062855,
   -3.307086 2.512045 -0.162931,
   -3.307086 2.529013 -0.150032,
   -3.307086 -0.748031 0.000000,
   -3.307086 -0.766225 0.082655,
   -3.307086 -0.817444 0.150032,
   -3.307086 -0.834412 0.162931,
   -3.307086 -1.526830 0.554296,
   -3.307086 -1.501396 0.632573,
   -3.307086 -1.460243 0.703852,
   -3.307086 2.598425 -0.000000,
   -3.307086 2.580231 0.082655,
   -3.307086 2.529013 0.150032,
   2.795276 1.614173 -1.811024,
   3.307086 1.614173 -1.811024,
   3.307086 2.598425 0.275591,
   3.307086 2.580231 0.358246,
   3.307086 2.529013 0.425622,
   3.307086 2.454238 0.465266,
   3.307086 2.369728 0.469848,
   3.307086 2.291105 0.438521,
   3.307086 2.274137 0.425622,
   3.307086 2.222918 0.358246,
   3.307086 2.204724 0.275591,
   3.307086 2.222918 0.192935,
   3.307086 2.274137 0.125559,
   3.307086 2.291105 0.112660,
   3.307086 2.309369 0.101671,
   3.307086 2.390917 0.079029,
   3.307086 2.474437 0.092721,
   3.307086 2.544487 0.140217,
   3.307086 2.588121 0.212736,
   -3.110236 3.188977 -1.181102,
   -3.110236 3.070866 -1.181102,
   -2.293307 0.862205 -1.181102,
   -2.160433 0.515748 -1.181102,
   -2.352362 0.862205 -1.181102,
   -2.352362 1.169291 -1.181102,
   -2.834646 3.070866 -1.181102,
   -2.293307 2.169291 -1.181102,
   -2.352362 2.169291 -1.181102,
   -2.352362 1.862205 -1.181102,
   -2.293307 1.169291 -1.181102,
   -2.293307 1.862205 -1.181102,
   -2.160433 3.070866 -1.181102,
   -2.322835 3.070866 -1.181102,
   -2.322835 3.188977 -1.181102,
   -2.834646 3.188977 -1.181102,
   -2.047244 3.188977 -1.181102,
   2.795276 3.188977 -1.181102,
   -2.047244 3.070866 -1.181102,
   2.795276 0.515748 -1.181102,
   -2.352362 -0.830709 -1.181102,
   -2.352362 -1.137795 -1.181102,
   -2.352362 0.169291 -1.181102,
   -2.352362 -0.137795 -1.181102,
   -2.293307 -1.137795 -1.181102,
   -2.293307 -0.830709 -1.181102,
   -2.293307 0.169291 -1.181102,
   -2.293307 -0.137795 -1.181102,
   2.795276 3.188977 -1.811024,
   3.307086 3.188977 -1.811024,
   2.795276 2.401575 -1.811024,
   3.307086 2.401575 -1.811024,
   -3.011811 -1.535433 -0.787402,
   3.307086 3.188977 -0.787402,
   3.307086 1.614173 -2.047244,
   3.307086 2.401575 -2.047244,
   -2.834646 3.188977 -2.165354,
   -2.873725 3.188977 -2.253127,
   -2.952756 3.188977 -2.283464,
   -2.047244 3.188977 -2.165354,
   -2.086323 3.188977 -2.253127,
   -2.165354 3.188977 -2.283464,
   -2.204724 3.188977 -2.283464,
   -2.322835 3.188977 -2.165354,
   -2.283756 3.188977 -2.253127,
   -3.071157 3.188977 -2.253127,
   -3.110236 3.188977 -2.165354,
   -2.992126 3.188977 -2.283464,
   2.401575 1.614173 -2.047244,
   2.401575 1.614173 -1.811024,
   2.401575 2.401575 -2.047244,
   2.401575 2.401575 -1.811024,
   -3.011811 -1.182885 0.863985,
   -3.011811 -1.263393 0.846873,
   -3.011811 -1.338583 0.813396,
   -3.011811 -1.405170 0.765018,
   -3.011811 -1.460243 0.703852,
   -3.011811 -1.501396 0.632573,
   -3.011811 -1.526830 0.554296,
   -3.011811 -1.535433 0.472441,
   -3.011811 -0.934225 -0.196562,
   -3.011811 -1.017744 -0.182869,
   -3.011811 -1.123538 0.082655,
   -3.011811 -1.072320 0.150032,
   -3.011811 2.274137 0.150032,
   -3.011811 -0.852676 -0.173920,
   -3.011811 -0.834412 -0.162931,
   -3.011811 2.529013 -0.150032,
   -3.011811 2.512045 -0.162931,
   -3.011811 2.493781 -0.173920,
   -3.011811 2.412232 -0.196562,
   -3.011811 -1.087794 -0.135374,
   -3.011811 -1.131428 -0.062855,
   -3.011811 -1.141732 0.000000,
   -3.011811 -0.997545 0.189675,
   -3.011811 -0.834412 0.162931,
   -3.011811 -0.817444 0.150032,
   -3.011811 2.328713 -0.182869,
   -3.011811 -0.766225 0.082655,
   -3.011811 -0.748031 0.000000,
   -3.011811 -0.766225 -0.082655,
   -3.011811 -0.817444 -0.150032,
   -3.011811 -0.913035 0.194257,
   -3.011811 2.215029 -0.062855,
   -3.011811 2.204724 -0.000000,
   -3.011811 2.222918 0.082655,
   -3.011811 2.258662 -0.135374,
   -3.011811 2.433422 0.194257,
   -3.011811 2.512045 0.162931,
   -3.011811 2.348912 0.189675,
   -3.011811 2.529013 0.150032,
   -3.011811 2.580231 0.082655,
   -3.011811 2.598425 -0.000000,
   -3.011811 2.580231 -0.082655,
   -2.047244 3.070866 -2.165354,
   -2.322835 3.070866 -2.165354,
   -2.283756 3.070866 -2.253127,
   -2.204724 3.070866 -2.283464,
   -2.086323 3.070866 -2.253127,
   -2.165354 3.070866 -2.283464,
   -2.834646 3.070866 -2.165354,
   -3.110236 3.070866 -2.165354,
   -3.071157 3.070866 -2.253127,
   -2.873725 3.070866 -2.253127,
   -2.952756 3.070866 -2.283464,
   -2.992126 3.070866 -2.283464,
   -2.352362 -1.137795 -2.165354,
   -2.352362 -0.830709 -2.165354,
   -2.352362 -0.869788 -2.253127,
   -2.352362 -1.098716 -2.253127,
   -2.352362 -1.019685 -2.283464,
   -2.352362 -0.948819 -2.283464,
   -2.293307 -0.830709 -2.165354,
   -2.293307 -1.137795 -2.165354,
   -2.293307 -1.098716 -2.253127,
   -2.293307 -1.019685 -2.283464,
   -2.293307 -0.869788 -2.253127,
   -2.293307 -0.948819 -2.283464,
   -2.352362 -0.137795 -2.165354,
   -2.352362 0.169291 -2.165354,
   -2.352362 0.130212 -2.253127,
   -2.352362 -0.098716 -2.253127,
   -2.352362 -0.019685 -2.283464,
   -2.352362 0.051181 -2.283464,
   -2.293307 0.169291 -2.165354,
   -2.293307 -0.137795 -2.165354,
   -2.293307 -0.098716 -2.253127,
   -2.293307 0.130212 -2.253127,
   -2.293307 0.051181 -2.283464,
   -2.293307 -0.019685 -2.283464,
   -2.352362 0.862205 -2.165354,
   -2.352362 0.901284 -2.253127,
   -2.352362 0.980315 -2.283464,
   -2.293307 0.862205 -2.165354,
   -2.293307 0.901284 -2.253127,
   -2.293307 0.980315 -2.283464,
   -1.594488 -2.322835 -0.748031,
   -1.594488 -1.661492 -0.748031,
   -1.594488 -1.661492 -0.629921,
   -1.594488 -2.204724 -0.153145,
   -1.594488 -2.322835 -0.153145,
   -1.594488 -2.036864 -0.326721,
   -1.594488 -1.855382 -0.486002,
   2.893701 -2.322835 -0.153145,
   2.893701 -2.204724 -0.153145,
   2.893701 -1.661492 -0.629921,
   2.893701 -1.661492 -0.748031,
   2.893701 -1.855382 -0.486002,
   2.893701 -2.036864 -0.326721,
   -2.578740 -0.652879 2.795276,
   -2.893701 -0.652879 2.795276,
   -2.893701 -0.746516 2.726292,
   -2.578740 -0.746516 2.726292,
   -2.893701 -0.832915 2.648433,
   -2.578740 -0.832915 2.648433,
   -2.893701 -0.911238 2.562454,
   -2.578740 -0.911238 2.562454,
   -2.893701 -0.980725 2.469189,
   -2.578740 -0.980725 2.469189,
   -2.893701 -1.040702 2.369542,
   -2.578740 -1.040702 2.369542,
   -2.893701 -1.090587 2.264480,
   -2.578740 -1.090587 2.264480,
   -2.893701 -1.129898 2.155020,
   -2.578740 -1.129898 2.155020,
   -2.893701 -1.158252 2.042224,
   -2.578740 -1.158252 2.042224,
   -2.893701 -1.175376 1.927187,
   -2.578740 -1.175376 1.927187,
   -2.893701 -1.181102 1.811024,
   -2.578740 -1.181102 1.811024,
   -2.893701 0.652879 2.795276,
   -2.578740 0.652879 2.795276,
   2.893701 -2.322835 1.811024,
   2.893701 -1.535433 1.811024,
   2.578740 -2.322835 1.811024,
   2.578740 -1.535433 1.811024,
   -2.893701 -2.322835 1.811024,
   -2.578740 -2.322835 1.811024,
   -2.578740 -2.322835 0.728346,
   -2.893701 -2.322835 -0.748031,
   2.578740 -2.322835 0.728346,
   2.578740 2.362205 1.811024,
   2.578740 1.535433 1.811024,
   2.893701 1.535433 1.811024,
   -1.318898 2.716535 1.811024,
   -1.318898 3.188977 1.811024,
   -2.893701 3.188977 1.811024,
   2.893701 2.716535 1.811024,
   -2.578740 2.362205 1.811024,
   -2.578740 1.181102 1.811024,
   -2.893701 1.181102 1.811024,
   -2.893701 3.188977 -0.748031,
   -1.318898 3.188977 -0.748031,
   -1.318898 2.716535 -0.748031,
   2.893701 2.716535 -0.748031,
   2.893701 -1.499536 2.141096,
   2.893701 -1.526432 1.977033,
   2.893701 0.861665 3.081885,
   2.893701 0.719210 3.167597,
   2.893701 1.393521 2.455735,
   2.893701 0.248405 3.326229,
   2.893701 0.083127 3.344205,
   2.893701 -0.083127 3.344205,
   2.893701 -0.568322 3.237405,
   2.893701 -0.719210 3.167597,
   2.893701 -0.861665 3.081885,
   2.893701 -0.994018 2.981272,
   2.893701 0.410772 3.290490,
   2.893701 1.526432 1.977033,
   2.893701 1.499536 2.141096,
   2.893701 1.455058 2.301290,
   2.893701 0.568322 3.237405,
   2.893701 -0.248405 3.326229,
   2.893701 -0.410772 3.290490,
   2.893701 1.315647 2.602622,
   2.893701 1.222348 2.740228,
   2.893701 -1.114718 2.866940,
   2.893701 -1.222348 2.740228,
   2.893701 -1.315647 2.602622,
   2.893701 -1.393521 2.455735,
   2.893701 -1.455058 2.301290,
   2.893701 1.114718 2.866940,
   2.893701 0.994018 2.981272,
   2.578740 -1.526432 1.977033,
   2.578740 -1.499536 2.141096,
   2.578740 -1.455058 2.301290,
   2.578740 -1.393521 2.455735,
   2.578740 -1.315647 2.602622,
   2.578740 -1.222348 2.740228,
   2.578740 -1.114718 2.866940,
   2.578740 -0.994018 2.981272,
   2.578740 -0.861665 3.081885,
   2.578740 -0.719210 3.167597,
   2.578740 -0.568322 3.237405,
   2.578740 -0.410772 3.290490,
   2.578740 -0.248405 3.326229,
   2.578740 -0.083127 3.344205,
   2.578740 0.083127 3.344205,
   2.578740 0.248405 3.326229,
   2.578740 0.410772 3.290490,
   2.578740 0.568322 3.237405,
   2.578740 0.719210 3.167597,
   2.578740 0.861665 3.081885,
   2.578740 0.994018 2.981272,
   2.578740 1.114718 2.866940,
   2.578740 1.222348 2.740228,
   2.578740 1.315647 2.602622,
   2.578740 1.393521 2.455735,
   2.578740 1.455058 2.301290,
   2.578740 1.499536 2.141096,
   2.578740 1.526432 1.977033,
   -2.893701 0.980725 2.469189,
   -2.893701 1.040702 2.369542,
   -2.893701 1.090587 2.264480,
   -2.893701 1.129898 2.155020,
   -2.893701 1.175376 1.927187,
   -2.893701 0.746516 2.726292,
   -2.893701 0.832915 2.648433,
   -2.893701 0.911238 2.562454,
   -2.893701 1.158252 2.042224,
   2.578740 2.348791 1.559645,
   -2.578740 2.348791 1.559645,
   2.578740 2.308703 1.311121,
   -2.578740 2.308703 1.311121,
   2.578740 2.242395 1.068274,
   -2.578740 2.242395 1.068274,
   2.578740 2.150620 0.833863,
   -2.578740 2.150620 0.833863,
   2.578740 2.034422 0.610549,
   -2.578740 2.034422 0.610549,
   2.578740 1.895118 0.400868,
   -2.578740 1.895118 0.400868,
   2.578740 1.734292 0.207203,
   -2.578740 1.734292 0.207203,
   2.578740 1.553771 0.031752,
   -2.578740 1.553771 0.031752,
   2.578740 1.355603 -0.123493,
   -2.578740 1.355603 -0.123493,
   2.578740 1.142039 -0.256767,
   -2.578740 1.142039 -0.256767,
   2.578740 0.915506 -0.366557,
   -2.578740 0.915506 -0.366557,
   2.578740 0.678576 -0.451618,
   -2.578740 0.678576 -0.451618,
   2.578740 0.433939 -0.510982,
   -2.578740 0.433939 -0.510982,
   2.578740 0.184374 -0.543975,
   -2.578740 0.184374 -0.543975,
   2.578740 -0.067285 -0.550223,
   -2.578740 -0.067285 -0.550223,
   2.578740 -0.318180 -0.529654,
   -2.578740 -0.318180 -0.529654,
   2.578740 -0.565461 -0.482503,
   -2.578740 -0.565461 -0.482503,
   2.578740 -0.806321 -0.409305,
   -2.578740 -0.806321 -0.409305,
   2.578740 -1.038023 -0.310891,
   -2.578740 -1.038023 -0.310891,
   2.578740 -1.257936 -0.188378,
   -2.578740 -1.257936 -0.188378,
   2.578740 -1.463564 -0.043159,
   -2.578740 -1.463564 -0.043159,
   2.578740 -1.652570 0.123118,
   -2.578740 -1.652570 0.123118,
   2.578740 -1.822807 0.308564,
   -2.578740 -1.822807 0.308564,
   2.578740 -1.972344 0.511074,
   -2.578740 -1.972344 0.511074,
   2.578740 -2.099481 0.728346,
   -2.578740 -2.099481 0.728346,
   -2.578740 1.175376 1.927187,
   -2.578740 1.158252 2.042224,
   -2.578740 1.129898 2.155020,
   -2.578740 1.090587 2.264480,
   -2.578740 1.040702 2.369542,
   -2.578740 0.980725 2.469189,
   -2.578740 0.911238 2.562454,
   -2.578740 0.746516 2.726292,
   -2.578740 0.832915 2.648433,
   1.794781 0.098942 4.126922,
   1.792210 0.093243 4.129732,
   1.808794 0.099270 4.112882,
   1.790537 0.086862 4.131654,
   1.818030 0.116903 4.102806,
   1.808834 0.113184 4.112200,
   1.800498 0.106693 4.120855,
   1.827631 0.118110 4.093130,
   1.870079 -0.118110 4.050624,
   1.870079 0.118110 4.050624,
   1.795829 -0.100715 4.125796,
   1.800547 -0.106744 4.120803,
   1.808794 -0.099270 4.112882,
   1.808885 -0.113213 4.112147,
   1.818075 -0.116914 4.102761,
   1.789957 -0.080098 4.132477,
   1.790023 -0.082398 4.132330,
   1.790995 -0.089110 4.131110,
   1.792993 -0.095262 4.128866,
   1.789957 0.080098 4.132477,
   1.827631 -0.118110 4.093130,
   -1.794781 -0.098942 4.126922,
   -1.792210 -0.093243 4.129732,
   -1.808794 -0.099270 4.112882,
   -1.790537 -0.086862 4.131654,
   -1.818030 -0.116903 4.102806,
   -1.808834 -0.113184 4.112200,
   -1.800498 -0.106693 4.120855,
   -1.827631 -0.118110 4.093130,
   -1.870079 0.118110 4.050624,
   -1.870079 -0.118110 4.050624,
   -1.795829 0.100715 4.125796,
   -1.800547 0.106744 4.120803,
   -1.808794 0.099270 4.112882,
   -1.808885 0.113213 4.112147,
   -1.818075 0.116914 4.102761,
   -1.789957 0.080098 4.132477,
   -1.790023 0.082398 4.132330,
   -1.790995 0.089110 4.131110,
   -1.792993 0.095262 4.128866,
   -1.789957 -0.080098 4.132477,
   -1.827631 0.118110 4.093130,
   1.794781 -0.384722 4.096885,
   1.792210 -0.390881 4.098449,
   1.808794 -0.381483 4.083220,
   1.790537 -0.397523 4.099002,
   1.818030 -0.362140 4.077031,
   1.808834 -0.367731 4.085446,
   1.800498 -0.375880 4.092562,
   1.827631 -0.358947 4.067817,
   1.870079 -0.581168 3.977127,
   1.870079 -0.350110 4.026240,
   1.795829 -0.579783 4.054273,
   1.800547 -0.584642 4.048135,
   1.808794 -0.575684 4.041941,
   1.808885 -0.589169 4.038324,
   1.818075 -0.590838 4.028373,
   1.789957 -0.561005 4.065094,
   1.790023 -0.563224 4.064472,
   1.790995 -0.569536 4.061884,
   1.792993 -0.575087 4.058409,
   1.789957 -0.404310 4.098401,
   1.827631 -0.590006 4.018704,
   -1.794781 -0.578283 4.055743,
   -1.792210 -0.573292 4.059676,
   -1.808794 -0.575684 4.041941,
   -1.790537 -0.567450 4.062883,
   -1.818030 -0.590836 4.028420,
   -1.808834 -0.589152 4.038382,
   -1.800498 -0.584602 4.048197,
   -1.827631 -0.590006 4.018704,
   -1.870079 -0.350110 4.026240,
   -1.870079 -0.581168 3.977127,
   -1.795829 -0.382754 4.096153,
   -1.800547 -0.375819 4.092522,
   -1.808794 -0.381483 4.083220,
   -1.808885 -0.367692 4.085400,
   -1.818075 -0.362119 4.076988,
   -1.789957 -0.404310 4.098401,
   -1.790023 -0.402030 4.098735,
   -1.790995 -0.395210 4.098938,
   -1.792993 -0.388726 4.098022,
   -1.789957 -0.561005 4.065094,
   -1.827631 -0.358947 4.067817,
   1.794781 -0.851572 3.966945,
   1.792210 -0.857922 3.967194,
   1.808794 -0.845563 3.954252,
   1.790537 -0.864533 3.966354,
   1.818030 -0.825356 3.952220,
   1.808834 -0.832574 3.959289,
   1.800498 -0.842024 3.964555,
   1.827631 -0.820317 3.943871,
   1.870079 -1.018827 3.808961,
   1.870079 -0.803029 3.905041,
   1.795829 -1.033511 3.884709,
   1.800547 -1.036988 3.877695,
   1.808794 -1.026938 3.873499,
   1.808885 -1.039376 3.867157,
   1.818075 -1.038940 3.857076,
   1.789957 -1.017393 3.899198,
   1.790023 -1.019434 3.898128,
   1.790995 -1.025070 3.894284,
   1.792993 -1.029777 3.889732,
   1.789957 -0.871047 3.964355,
   1.827631 -1.036115 3.847792,
   -1.794781 -1.032349 3.886458,
   -1.792210 -1.028285 3.891344,
   -1.808794 -1.026938 3.873499,
   -1.790537 -1.023237 3.895695,
   -1.818030 -1.038948 3.857123,
   -1.808834 -1.039371 3.867217,
   -1.800498 -1.036962 3.877764,
   -1.827631 -1.036115 3.847792,
   -1.870079 -0.803029 3.905041,
   -1.870079 -1.018827 3.808961,
   -1.795829 -0.849495 3.966639,
   -1.800547 -0.841956 3.964529,
   -1.808794 -0.845563 3.954252,
   -1.808885 -0.832526 3.959253,
   -1.818075 -0.825327 3.952183,
   -1.789957 -0.871047 3.964355,
   -1.790023 -0.868886 3.965157,
   -1.790995 -0.862258 3.966772,
   -1.792993 -0.855725 3.967224,
   -1.789957 -1.017393 3.899198,
   -1.827631 -0.820317 3.943871,
   1.794781 -1.281205 3.742782,
   1.792210 -1.287468 3.741705,
   1.808794 -1.272687 3.731615,
   1.790537 -1.293760 3.739509,
   1.818030 -1.252500 3.733828,
   1.808834 -1.261030 3.739242,
   1.800498 -1.271368 3.742429,
   1.827631 -1.245835 3.726710,
   1.870079 -1.411958 3.553475,
   1.870079 -1.220851 3.692322,
   1.795829 -1.442070 3.624515,
   1.800547 -1.444012 3.616931,
   1.808794 -1.433309 3.614917,
   1.808885 -1.444158 3.606127,
   1.818075 -1.441635 3.596357,
   1.789957 -1.429316 3.642039,
   1.790023 -1.431091 3.640568,
   1.790995 -1.435804 3.635636,
   1.792993 -1.439462 3.630204,
   1.789957 -1.299716 3.736199,
   1.827631 -1.436942 3.587863,
   -1.794781 -1.441297 3.626467,
   -1.792210 -1.438337 3.632091,
   -1.808794 -1.433309 3.614917,
   -1.790537 -1.434304 3.637397,
   -1.818030 -1.441652 3.596401,
   -1.808834 -1.444165 3.606187,
   -1.800498 -1.444001 3.617004,
   -1.827631 -1.436942 3.587863,
   -1.870079 -1.220851 3.692322,
   -1.870079 -1.411958 3.553475,
   -1.795829 -1.279109 3.742913,
   -1.800547 -1.271296 3.742417,
   -1.808794 -1.272687 3.731615,
   -1.808885 -1.260976 3.739217,
   -1.818075 -1.252463 3.733798,
   -1.789957 -1.299716 3.736199,
   -1.790023 -1.297769 3.737432,
   -1.790995 -1.291621 3.740391,
   -1.792993 -1.285325 3.742191,
   -1.789957 -1.429316 3.642039,
   -1.827631 -1.245835 3.726710,
   1.794781 -1.654842 3.434191,
   1.792210 -1.660744 3.431835,
   1.808794 -1.644190 3.425039,
   1.790537 -1.666442 3.428379,
   1.818030 -1.624903 3.431401,
   1.808834 -1.634373 3.434923,
   1.800498 -1.645147 3.435891,
   1.827631 -1.616904 3.425824,
   1.870079 -1.743379 3.221836,
   1.870079 -1.585316 3.397382,
   1.795829 -1.787603 3.285063,
   1.800547 -1.787926 3.277241,
   1.808794 -1.777038 3.277496,
   1.808885 -1.785822 3.266642,
   1.818075 -1.781323 3.257610,
   1.789957 -1.778772 3.304855,
   1.790023 -1.780202 3.303048,
   1.790995 -1.783786 3.297243,
   1.792993 -1.786235 3.291170,
   1.789957 -1.671580 3.423903,
   1.827631 -1.774967 3.250278,
   -1.794781 -1.787253 3.287133,
   -1.792210 -1.785528 3.293250,
   -1.808794 -1.777038 3.277496,
   -1.790537 -1.782686 3.299277,
   -1.818030 -1.781349 3.257649,
   -1.808834 -1.785842 3.266699,
   -1.800498 -1.787931 3.277314,
   -1.827631 -1.774967 3.250278,
   -1.870079 -1.585316 3.397382,
   -1.870079 -1.743379 3.221836,
   -1.795829 -1.652820 3.434755,
   -1.800547 -1.645075 3.435894,
   -1.808794 -1.644190 3.425039,
   -1.808885 -1.634314 3.434909,
   -1.818075 -1.624861 3.431379,
   -1.789957 -1.671580 3.423903,
   -1.790023 -1.669932 3.425514,
   -1.790995 -1.664534 3.429686,
   -1.792993 -1.658750 3.432756,
   -1.789957 -1.778772 3.304855,
   -1.827631 -1.616904 3.425824,
   1.794781 -1.956155 3.054659,
   1.792210 -1.961439 3.051128,
   1.808794 -1.943833 3.047923,
   1.790537 -1.966294 3.046563,
   1.818030 -1.926291 3.058156,
   1.808834 -1.936285 3.059632,
   1.800498 -1.947026 3.058338,
   1.827631 -1.917307 3.054363,
   1.870079 -1.998606 2.828538,
   1.870079 -1.880496 3.033110,
   1.795829 -2.055010 2.881188,
   1.800547 -2.053700 2.873470,
   1.808794 -2.043102 2.875983,
   1.808885 -2.049438 2.863540,
   1.818075 -2.043159 2.855641,
   1.789957 -2.050486 2.902384,
   1.790023 -2.051509 2.900318,
   1.790995 -2.053809 2.893895,
   1.792993 -2.054941 2.887446,
   1.789957 -1.970389 3.041117,
   1.827631 -2.035417 2.849790,
   -1.794781 -2.055098 2.883286,
   -1.792210 -2.054682 2.889627,
   -1.808794 -2.043102 2.875983,
   -1.790537 -2.053155 2.896114,
   -1.818030 -2.043193 2.855674,
   -1.808834 -2.049469 2.863592,
   -1.800498 -2.053719 2.873540,
   -1.827631 -2.035417 2.849790,
   -1.870079 -1.880496 3.033110,
   -1.870079 -1.998606 2.828538,
   -1.795829 -1.954295 3.055632,
   -1.800547 -1.946956 3.058356,
   -1.808794 -1.943833 3.047923,
   -1.808885 -1.936225 3.059631,
   -1.818075 -1.926245 3.058143,
   -1.789957 -1.970389 3.041117,
   -1.790023 -1.969112 3.043035,
   -1.790995 -1.964699 3.048238,
   -1.792993 -1.959679 3.052444,
   -1.789957 -2.050486 2.902384,
   -1.827631 -1.917307 3.054363,
   1.794781 -2.171975 2.620775,
   1.792210 -2.176409 2.616223,
   1.808794 -2.158521 2.616748,
   1.790537 -2.180208 2.610748,
   1.818030 -2.143490 2.630404,
   1.808834 -2.153573 2.629770,
   1.800498 -2.163810 2.626272,
   1.827631 -2.133914 2.628563,
   1.870079 -2.166485 2.390769,
   1.870079 -2.093489 2.615428,
   1.795829 -2.232603 2.430542,
   1.800547 -2.229716 2.423265,
   1.808794 -2.219873 2.427926,
   1.808885 -2.223483 2.414438,
   1.818075 -2.215700 2.408017,
   1.789957 -2.232585 2.452215,
   1.790023 -2.233156 2.449982,
   1.790995 -2.234070 2.443221,
   1.792993 -2.233836 2.436677,
   1.789957 -2.183082 2.604570,
   1.827631 -2.206910 2.403904,
   -1.794781 -2.233125 2.432576,
   -1.792210 -2.234036 2.438865,
   -1.808794 -2.219873 2.427926,
   -1.790537 -2.233892 2.445527,
   -1.818030 -2.215740 2.408042,
   -1.808834 -2.223524 2.414482,
   -1.800498 -2.229750 2.423330,
   -1.827631 -2.206910 2.403904,
   -1.870079 -2.093489 2.615428,
   -1.870079 -2.166485 2.390769,
   -1.795829 -2.170357 2.622114,
   -1.800547 -2.163745 2.626304,
   -1.808794 -2.158521 2.616748,
   -1.808885 -2.153514 2.629782,
   -1.818075 -2.143443 2.630401,
   -1.789957 -2.183082 2.604570,
   -1.790023 -2.182231 2.606712,
   -1.790995 -2.178997 2.612719,
   -1.792993 -2.174961 2.617876,
   -1.789957 -2.232585 2.452215,
   -1.827631 -2.133914 2.628563,
   1.794781 -2.292869 2.151501,
   1.792210 -2.296260 2.146127,
   1.808794 -2.278872 2.150359,
   1.790537 -2.298838 2.139981,
   1.818030 -2.267009 2.166842,
   1.808834 -2.276739 2.164126,
   1.800498 -2.286025 2.158575,
   1.827631 -2.257259 2.167032,
   1.870079 -2.239678 1.927662,
   1.870079 -2.214986 2.162589,
   1.795829 -2.312620 1.952820,
   1.800547 -2.308284 1.946302,
   1.808794 -2.299625 1.952907,
   1.808885 -2.300352 1.938964,
   1.818075 -2.291403 1.934302,
   1.789957 -2.317109 1.974022,
   1.790023 -2.317203 1.971720,
   1.790995 -2.316691 1.964917,
   1.792993 -2.315102 1.958564,
   1.789957 -2.300364 2.133341,
   1.827631 -2.281951 1.932105,
   -1.794781 -2.313554 1.954700,
   -1.792210 -2.315753 1.960663,
   -1.808794 -2.299625 1.952907,
   -1.790537 -2.316997 1.967210,
   -1.818030 -2.291448 1.934318,
   -1.808834 -2.300401 1.938998,
   -1.800498 -2.308330 1.946358,
   -1.827631 -2.281951 1.932105,
   -1.870079 -2.214986 2.162589,
   -1.870079 -2.239678 1.927662,
   -1.795829 -2.291565 2.153147,
   -1.800547 -2.285968 2.158621,
   -1.808794 -2.278872 2.150359,
   -1.808885 -2.276684 2.164149,
   -1.818075 -2.266961 2.166849,
   -1.789957 -2.300364 2.133341,
   -1.790023 -2.299977 2.135612,
   -1.790995 -2.298062 2.142161,
   -1.792993 -2.295187 2.148044,
   -1.789957 -2.317109 1.974022,
   -1.827631 -2.257259 2.167032,
   1.794781 -2.313554 1.667347,
   1.792210 -2.315753 1.661385,
   1.808794 -2.299625 1.669140,
   1.790537 -2.316997 1.654838,
   1.818030 -2.291448 1.687729,
   1.808834 -2.300401 1.683049,
   1.800498 -2.308330 1.675689,
   1.827631 -2.281951 1.689942,
   1.870079 -2.214986 1.459458,
   1.870079 -2.239678 1.694385,
   1.795829 -2.291565 1.468900,
   1.800547 -2.285968 1.463426,
   1.808794 -2.278872 1.471688,
   1.808885 -2.276684 1.457898,
   1.818075 -2.266961 1.455198,
   1.789957 -2.300364 1.488707,
   1.790023 -2.299977 1.486435,
   1.790995 -2.298062 1.479887,
   1.792993 -2.295187 1.474003,
   1.789957 -2.317109 1.648025,
   1.827631 -2.257259 1.455015,
   -1.794781 -2.292869 1.470546,
   -1.792210 -2.296260 1.475921,
   -1.808794 -2.278872 1.471688,
   -1.790537 -2.298838 1.482066,
   -1.818030 -2.267009 1.455205,
   -1.808834 -2.276739 1.457922,
   -1.800498 -2.286025 1.463472,
   -1.827631 -2.257259 1.455015,
   -1.870079 -2.239678 1.694385,
   -1.870079 -2.214986 1.459458,
   -1.795829 -2.312620 1.669228,
   -1.800547 -2.308284 1.675745,
   -1.808794 -2.299625 1.669140,
   -1.808885 -2.300352 1.683083,
   -1.818075 -2.291403 1.687746,
   -1.789957 -2.317109 1.648025,
   -1.790023 -2.317203 1.650327,
   -1.790995 -2.316691 1.657131,
   -1.792993 -2.315102 1.663483,
   -1.789957 -2.300364 1.488707,
   -1.827631 -2.281951 1.689942,
   1.794781 -2.233125 1.189472,
   1.792210 -2.234036 1.183182,
   1.808794 -2.219873 1.194121,
   1.790537 -2.233892 1.176520,
   1.818030 -2.215740 1.214005,
   1.808834 -2.223524 1.207565,
   1.800498 -2.229750 1.198717,
   1.827631 -2.206910 1.218143,
   1.870079 -2.093489 1.006619,
   1.870079 -2.166485 1.231278,
   1.795829 -2.170357 0.999933,
   1.800547 -2.163745 0.995743,
   1.808794 -2.158521 1.005299,
   1.808885 -2.153514 0.992266,
   1.818075 -2.143443 0.991646,
   1.789957 -2.183082 1.017478,
   1.790023 -2.182231 1.015336,
   1.790995 -2.178997 1.009329,
   1.792993 -2.174961 1.004172,
   1.789957 -2.232585 1.169833,
   1.827631 -2.133914 0.993484,
   -1.794781 -2.171975 1.001272,
   -1.792210 -2.176409 1.005824,
   -1.808794 -2.158521 1.005299,
   -1.790537 -2.180208 1.011299,
   -1.818030 -2.143490 0.991643,
   -1.808834 -2.153573 0.992277,
   -1.800498 -2.163810 0.995776,
   -1.827631 -2.133914 0.993484,
   -1.870079 -2.166485 1.231278,
   -1.870079 -2.093489 1.006619,
   -1.795829 -2.232603 1.191505,
   -1.800547 -2.229716 1.198782,
   -1.808794 -2.219873 1.194121,
   -1.808885 -2.223483 1.207609,
   -1.818075 -2.215700 1.214030,
   -1.789957 -2.232585 1.169833,
   -1.790023 -2.233156 1.172065,
   -1.790995 -2.234070 1.178826,
   -1.792993 -2.233836 1.185371,
   -1.789957 -2.183082 1.017478,
   -1.827631 -2.206910 1.218143,
   1.794781 -2.055098 0.738761,
   1.792210 -2.054682 0.732420,
   1.808794 -2.043102 0.746065,
   1.790537 -2.053155 0.725933,
   1.818030 -2.043193 0.766373,
   1.808834 -2.049469 0.758455,
   1.800498 -2.053719 0.748507,
   1.827631 -2.035417 0.772257,
   1.870079 -1.880496 0.588937,
   1.870079 -1.998606 0.793510,
   1.795829 -1.954295 0.566415,
   1.800547 -1.946956 0.563691,
   1.808794 -1.943833 0.574124,
   1.808885 -1.936225 0.562417,
   1.818075 -1.926245 0.563905,
   1.789957 -1.970389 0.580930,
   1.790023 -1.969112 0.579012,
   1.790995 -1.964699 0.573809,
   1.792993 -1.959679 0.569603,
   1.789957 -2.050486 0.719664,
   1.827631 -1.917307 0.567684,
   -1.794781 -1.956155 0.567388,
   -1.792210 -1.961439 0.570919,
   -1.808794 -1.943833 0.574124,
   -1.790537 -1.966294 0.575484,
   -1.818030 -1.926291 0.563892,
   -1.808834 -1.936285 0.562416,
   -1.800498 -1.947026 0.563709,
   -1.827631 -1.917307 0.567684,
   -1.870079 -1.998606 0.793510,
   -1.870079 -1.880496 0.588937,
   -1.795829 -2.055010 0.740859,
   -1.800547 -2.053700 0.748577,
   -1.808794 -2.043102 0.746065,
   -1.808885 -2.049438 0.758507,
   -1.818075 -2.043159 0.766406,
   -1.789957 -2.050486 0.719664,
   -1.790023 -2.051509 0.721729,
   -1.790995 -2.053809 0.728152,
   -1.792993 -2.054941 0.734602,
   -1.789957 -1.970389 0.580930,
   -1.827631 -2.035417 0.772257,
   1.794781 -1.787253 0.334914,
   1.792210 -1.785528 0.328798,
   1.808794 -1.777038 0.344552,
   1.790537 -1.782686 0.322770,
   1.818030 -1.781349 0.364398,
   1.808834 -1.785842 0.355348,
   1.800498 -1.787931 0.344733,
   1.827631 -1.774967 0.371769,
   1.870079 -1.585316 0.224665,
   1.870079 -1.743379 0.400211,
   1.795829 -1.652820 0.187292,
   1.800547 -1.645075 0.186153,
   1.808794 -1.644190 0.197008,
   1.808885 -1.634314 0.187138,
   1.818075 -1.624861 0.190668,
   1.789957 -1.671580 0.198144,
   1.790023 -1.669932 0.196533,
   1.790995 -1.664534 0.192361,
   1.792993 -1.658750 0.189291,
   1.789957 -1.778772 0.317192,
   1.827631 -1.616904 0.196223,
   -1.794781 -1.654842 0.187857,
   -1.792210 -1.660744 0.190212,
   -1.808794 -1.644190 0.197008,
   -1.790537 -1.666442 0.193669,
   -1.818030 -1.624903 0.190646,
   -1.808834 -1.634373 0.187124,
   -1.800498 -1.645147 0.186157,
   -1.827631 -1.616904 0.196223,
   -1.870079 -1.743379 0.400211,
   -1.870079 -1.585316 0.224665,
   -1.795829 -1.787603 0.336984,
   -1.800547 -1.787926 0.344806,
   -1.808794 -1.777038 0.344552,
   -1.808885 -1.785822 0.355405,
   -1.818075 -1.781323 0.364437,
   -1.789957 -1.778772 0.317192,
   -1.790023 -1.780202 0.319000,
   -1.790995 -1.783786 0.324804,
   -1.792993 -1.786235 0.330878,
   -1.789957 -1.671580 0.198144,
   -1.827631 -1.774967 0.371769,
   1.794781 -1.441297 -0.004420,
   1.792210 -1.438337 -0.010044,
   1.808794 -1.433309 0.007130,
   1.790537 -1.434304 -0.015349,
   1.818030 -1.441652 0.025646,
   1.808834 -1.444165 0.015861,
   1.800498 -1.444001 0.005044,
   1.827631 -1.436942 0.034184,
   1.870079 -1.220851 -0.070275,
   1.870079 -1.411958 0.068572,
   1.795829 -1.279109 -0.120866,
   1.800547 -1.271296 -0.120370,
   1.808794 -1.272687 -0.109568,
   1.808885 -1.260976 -0.117169,
   1.818075 -1.252463 -0.111751,
   1.789957 -1.299716 -0.114152,
   1.790023 -1.297769 -0.115385,
   1.790995 -1.291621 -0.118343,
   1.792993 -1.285325 -0.120144,
   1.789957 -1.429316 -0.019991,
   1.827631 -1.245835 -0.104663,
   -1.794781 -1.281205 -0.120734,
   -1.792210 -1.287468 -0.119657,
   -1.808794 -1.272687 -0.109568,
   -1.790537 -1.293760 -0.117461,
   -1.818030 -1.252500 -0.111781,
   -1.808834 -1.261030 -0.117195,
   -1.800498 -1.271368 -0.120381,
   -1.827631 -1.245835 -0.104663,
   -1.870079 -1.411958 0.068572,
   -1.870079 -1.220851 -0.070275,
   -1.795829 -1.442070 -0.002468,
   -1.800547 -1.444012 0.005116,
   -1.808794 -1.433309 0.007130,
   -1.808885 -1.444158 0.015920,
   -1.818075 -1.441635 0.025690,
   -1.789957 -1.429316 -0.019991,
   -1.790023 -1.431091 -0.018521,
   -1.790995 -1.435804 -0.013588,
   -1.792993 -1.439462 -0.008157,
   -1.789957 -1.299716 -0.114152,
   -1.827631 -1.436942 0.034184,
   1.794781 -1.032349 -0.264411,
   1.792210 -1.028285 -0.269297,
   1.808794 -1.026938 -0.251452,
   1.790537 -1.023237 -0.273647,
   1.818030 -1.038948 -0.235075,
   1.808834 -1.039371 -0.245170,
   1.800498 -1.036962 -0.255716,
   1.827631 -1.036115 -0.225745,
   1.870079 -0.803029 -0.282993,
   1.870079 -1.018827 -0.186914,
   1.795829 -0.849495 -0.344591,
   1.800547 -0.841956 -0.342481,
   1.808794 -0.845563 -0.332205,
   1.808885 -0.832526 -0.337205,
   1.818075 -0.825327 -0.330135,
   1.789957 -0.871047 -0.342308,
   1.790023 -0.868886 -0.343109,
   1.790995 -0.862258 -0.344725,
   1.792993 -0.855725 -0.345177,
   1.789957 -1.017393 -0.277151,
   1.827631 -0.820317 -0.321824,
   -1.794781 -0.851572 -0.344898,
   -1.792210 -0.857922 -0.345147,
   -1.808794 -0.845563 -0.332205,
   -1.790537 -0.864533 -0.344307,
   -1.818030 -0.825356 -0.330173,
   -1.808834 -0.832574 -0.337241,
   -1.800498 -0.842024 -0.342508,
   -1.827631 -0.820317 -0.321824,
   -1.870079 -1.018827 -0.186914,
   -1.870079 -0.803029 -0.282993,
   -1.795829 -1.033511 -0.262662,
   -1.800547 -1.036988 -0.255648,
   -1.808794 -1.026938 -0.251452,
   -1.808885 -1.039376 -0.245110,
   -1.818075 -1.038940 -0.235029,
   -1.789957 -1.017393 -0.277151,
   -1.790023 -1.019434 -0.276081,
   -1.790995 -1.025070 -0.272236,
   -1.792993 -1.029777 -0.267684,
   -1.789957 -0.871047 -0.342308,
   -1.827631 -1.036115 -0.225745,
   1.794781 -0.578283 -0.433695,
   1.792210 -0.573292 -0.437629,
   1.808794 -0.575684 -0.419894,
   1.790537 -0.567450 -0.440835,
   1.818030 -0.590836 -0.406373,
   1.808834 -0.589152 -0.416334,
   1.800498 -0.584602 -0.426149,
   1.827631 -0.590006 -0.396657,
   1.870079 -0.350110 -0.404193,
   1.870079 -0.581168 -0.355080,
   1.795829 -0.382754 -0.474106,
   1.800547 -0.375819 -0.470475,
   1.808794 -0.381483 -0.461173,
   1.808885 -0.367692 -0.463353,
   1.818075 -0.362119 -0.454941,
   1.789957 -0.404310 -0.476354,
   1.790023 -0.402030 -0.476688,
   1.790995 -0.395210 -0.476890,
   1.792993 -0.388726 -0.475974,
   1.789957 -0.561005 -0.443047,
   1.827631 -0.358947 -0.445770,
   -1.794781 -0.384722 -0.474838,
   -1.792210 -0.390881 -0.476401,
   -1.808794 -0.381483 -0.461173,
   -1.790537 -0.397523 -0.476954,
   -1.818030 -0.362140 -0.454984,
   -1.808834 -0.367731 -0.463399,
   -1.800498 -0.375880 -0.470515,
   -1.827631 -0.358947 -0.445770,
   -1.870079 -0.581168 -0.355080,
   -1.870079 -0.350110 -0.404193,
   -1.795829 -0.579783 -0.432226,
   -1.800547 -0.584642 -0.426088,
   -1.808794 -0.575684 -0.419894,
   -1.808885 -0.589169 -0.416277,
   -1.818075 -0.590838 -0.406325,
   -1.789957 -0.561005 -0.443047,
   -1.790023 -0.563224 -0.442425,
   -1.790995 -0.569536 -0.439836,
   -1.792993 -0.575087 -0.436362,
   -1.789957 -0.404310 -0.476354,
   -1.827631 -0.590006 -0.396657,
   1.794781 -0.098942 -0.504875,
   1.792210 -0.093243 -0.507685,
   1.808794 -0.099270 -0.490835,
   1.790537 -0.086862 -0.509606,
   1.818030 -0.116903 -0.480759,
   1.808834 -0.113184 -0.490153,
   1.800498 -0.106693 -0.498808,
   1.827631 -0.118110 -0.471083,
   1.870079 0.118110 -0.428577,
   1.870079 -0.118110 -0.428577,
   1.795829 0.100715 -0.503749,
   1.800547 0.106744 -0.498756,
   1.808794 0.099270 -0.490835,
   1.808885 0.113213 -0.490100,
   1.818075 0.116914 -0.480713,
   1.789957 0.080098 -0.510430,
   1.790023 0.082398 -0.510283,
   1.790995 0.089110 -0.509063,
   1.792993 0.095262 -0.506819,
   1.789957 -0.080098 -0.510430,
   1.827631 0.118110 -0.471083,
   -1.794781 0.098942 -0.504875,
   -1.792210 0.093243 -0.507685,
   -1.808794 0.099270 -0.490835,
   -1.790537 0.086862 -0.509606,
   -1.818030 0.116903 -0.480759,
   -1.808834 0.113184 -0.490153,
   -1.800498 0.106693 -0.498808,
   -1.827631 0.118110 -0.471083,
   -1.870079 -0.118110 -0.428577,
   -1.870079 0.118110 -0.428577,
   -1.795829 -0.100715 -0.503749,
   -1.800547 -0.106744 -0.498756,
   -1.808794 -0.099270 -0.490835,
   -1.808885 -0.113213 -0.490100,
   -1.818075 -0.116914 -0.480713,
   -1.789957 -0.080098 -0.510430,
   -1.790023 -0.082398 -0.510283,
   -1.790995 -0.089110 -0.509063,
   -1.792993 -0.095262 -0.506819,
   -1.789957 0.080098 -0.510430,
   -1.827631 -0.118110 -0.471083,
   1.794781 0.384722 -0.474838,
   1.792210 0.390881 -0.476401,
   1.808794 0.381483 -0.461173,
   1.790537 0.397523 -0.476954,
   1.818030 0.362140 -0.454984,
   1.808834 0.367731 -0.463399,
   1.800498 0.375880 -0.470515,
   1.827631 0.358947 -0.445770,
   1.870079 0.581168 -0.355080,
   1.870079 0.350110 -0.404193,
   1.795829 0.579783 -0.432226,
   1.800547 0.584642 -0.426088,
   1.808794 0.575684 -0.419894,
   1.808885 0.589169 -0.416277,
   1.818075 0.590838 -0.406325,
   1.789957 0.561005 -0.443047,
   1.790023 0.563224 -0.442425,
   1.790995 0.569536 -0.439836,
   1.792993 0.575087 -0.436362,
   1.789957 0.404310 -0.476354,
   1.827631 0.590006 -0.396657,
   -1.794781 0.578283 -0.433695,
   -1.792210 0.573292 -0.437629,
   -1.808794 0.575684 -0.419894,
   -1.790537 0.567450 -0.440835,
   -1.818030 0.590836 -0.406373,
   -1.808834 0.589152 -0.416334,
   -1.800498 0.584602 -0.426149,
   -1.827631 0.590006 -0.396657,
   -1.870079 0.350110 -0.404193,
   -1.870079 0.581168 -0.355080,
   -1.795829 0.382754 -0.474106,
   -1.800547 0.375819 -0.470475,
   -1.808794 0.381483 -0.461173,
   -1.808885 0.367692 -0.463353,
   -1.818075 0.362119 -0.454941,
   -1.789957 0.404310 -0.476354,
   -1.790023 0.402030 -0.476688,
   -1.790995 0.395210 -0.476890,
   -1.792993 0.388726 -0.475974,
   -1.789957 0.561005 -0.443047,
   -1.827631 0.358947 -0.445770,
   1.794781 0.851572 -0.344898,
   1.792210 0.857922 -0.345147,
   1.808794 0.845563 -0.332205,
   1.790537 0.864533 -0.344307,
   1.818030 0.825356 -0.330173,
   1.808834 0.832574 -0.337241,
   1.800498 0.842024 -0.342508,
   1.827631 0.820317 -0.321824,
   1.870079 1.018827 -0.186914,
   1.870079 0.803029 -0.282993,
   1.795829 1.033511 -0.262662,
   1.800547 1.036988 -0.255648,
   1.808794 1.026938 -0.251452,
   1.808885 1.039376 -0.245110,
   1.818075 1.038940 -0.235029,
   1.789957 1.017393 -0.277151,
   1.790023 1.019434 -0.276081,
   1.790995 1.025070 -0.272236,
   1.792993 1.029777 -0.267684,
   1.789957 0.871047 -0.342308,
   1.827631 1.036115 -0.225745,
   -1.794781 1.032349 -0.264411,
   -1.792210 1.028285 -0.269297,
   -1.808794 1.026938 -0.251452,
   -1.790537 1.023237 -0.273647,
   -1.818030 1.038948 -0.235075,
   -1.808834 1.039371 -0.245170,
   -1.800498 1.036962 -0.255716,
   -1.827631 1.036115 -0.225745,
   -1.870079 0.803029 -0.282993,
   -1.870079 1.018827 -0.186914,
   -1.795829 0.849495 -0.344591,
   -1.800547 0.841956 -0.342481,
   -1.808794 0.845563 -0.332205,
   -1.808885 0.832526 -0.337205,
   -1.818075 0.825327 -0.330135,
   -1.789957 0.871047 -0.342308,
   -1.790023 0.868886 -0.343109,
   -1.790995 0.862258 -0.344725,
   -1.792993 0.855725 -0.345177,
   -1.789957 1.017393 -0.277151,
   -1.827631 0.820317 -0.321824,
   1.794781 1.281205 -0.120734,
   1.792210 1.287468 -0.119657,
   1.808794 1.272687 -0.109568,
   1.790537 1.293760 -0.117461,
   1.818030 1.252500 -0.111781,
   1.808834 1.261030 -0.117195,
   1.800498 1.271368 -0.120381,
   1.827631 1.245835 -0.104663,
   1.870079 1.411958 0.068572,
   1.870079 1.220851 -0.070275,
   1.795829 1.442070 -0.002468,
   1.800547 1.444012 0.005116,
   1.808794 1.433309 0.007130,
   1.808885 1.444158 0.015920,
   1.818075 1.441635 0.025690,
   1.789957 1.429316 -0.019991,
   1.790023 1.431091 -0.018521,
   1.790995 1.435804 -0.013588,
   1.792993 1.439462 -0.008157,
   1.789957 1.299716 -0.114152,
   1.827631 1.436942 0.034184,
   -1.794781 1.441297 -0.004420,
   -1.792210 1.438337 -0.010044,
   -1.808794 1.433309 0.007130,
   -1.790537 1.434304 -0.015349,
   -1.818030 1.441652 0.025646,
   -1.808834 1.444165 0.015861,
   -1.800498 1.444001 0.005044,
   -1.827631 1.436942 0.034184,
   -1.870079 1.220851 -0.070275,
   -1.870079 1.411958 0.068572,
   -1.795829 1.279109 -0.120866,
   -1.800547 1.271296 -0.120370,
   -1.808794 1.272687 -0.109568,
   -1.808885 1.260976 -0.117169,
   -1.818075 1.252463 -0.111751,
   -1.789957 1.299716 -0.114152,
   -1.790023 1.297769 -0.115385,
   -1.790995 1.291621 -0.118343,
   -1.792993 1.285325 -0.120144,
   -1.789957 1.429316 -0.019991,
   -1.827631 1.245835 -0.104663,
   1.794781 1.654842 0.187857,
   1.792210 1.660744 0.190212,
   1.808794 1.644190 0.197008,
   1.790537 1.666442 0.193669,
   1.818030 1.624903 0.190646,
   1.808834 1.634373 0.187124,
   1.800498 1.645147 0.186157,
   1.827631 1.616904 0.196223,
   1.870079 1.743379 0.400211,
   1.870079 1.585316 0.224665,
   1.795829 1.787603 0.336984,
   1.800547 1.787926 0.344806,
   1.808794 1.777038 0.344552,
   1.808885 1.785822 0.355405,
   1.818075 1.781323 0.364437,
   1.789957 1.778772 0.317192,
   1.790023 1.780202 0.319000,
   1.790995 1.783786 0.324804,
   1.792993 1.786235 0.330878,
   1.789957 1.671580 0.198144,
   1.827631 1.774967 0.371769,
   -1.794781 1.787253 0.334914,
   -1.792210 1.785528 0.328798,
   -1.808794 1.777038 0.344552,
   -1.790537 1.782686 0.322770,
   -1.818030 1.781349 0.364398,
   -1.808834 1.785842 0.355348,
   -1.800498 1.787931 0.344733,
   -1.827631 1.774967 0.371769,
   -1.870079 1.585316 0.224665,
   -1.870079 1.743379 0.400211,
   -1.795829 1.652820 0.187292,
   -1.800547 1.645075 0.186153,
   -1.808794 1.644190 0.197008,
   -1.808885 1.634314 0.187138,
   -1.818075 1.624861 0.190668,
   -1.789957 1.671580 0.198144,
   -1.790023 1.669932 0.196533,
   -1.790995 1.664534 0.192361,
   -1.792993 1.658750 0.189291,
   -1.789957 1.778772 0.317192,
   -1.827631 1.616904 0.196223,
   1.794781 1.956155 0.567388,
   1.792210 1.961439 0.570919,
   1.808794 1.943833 0.574124,
   1.790537 1.966294 0.575484,
   1.818030 1.926291 0.563892,
   1.808834 1.936285 0.562416,
   1.800498 1.947026 0.563709,
   1.827631 1.917307 0.567684,
   1.870079 1.998606 0.793510,
   1.870079 1.880496 0.588937,
   1.795829 2.055010 0.740859,
   1.800547 2.053700 0.748577,
   1.808794 2.043102 0.746065,
   1.808885 2.049438 0.758507,
   1.818075 2.043159 0.766406,
   1.789957 2.050486 0.719664,
   1.790023 2.051509 0.721729,
   1.790995 2.053809 0.728152,
   1.792993 2.054941 0.734602,
   1.789957 1.970389 0.580930,
   1.827631 2.035417 0.772257,
   -1.794781 2.055098 0.738761,
   -1.792210 2.054682 0.732420,
   -1.808794 2.043102 0.746065,
   -1.790537 2.053155 0.725933,
   -1.818030 2.043193 0.766373,
   -1.808834 2.049469 0.758455,
   -1.800498 2.053719 0.748507,
   -1.827631 2.035417 0.772257,
   -1.870079 1.880496 0.588937,
   -1.870079 1.998606 0.793510,
   -1.795829 1.954295 0.566415,
   -1.800547 1.946956 0.563691,
   -1.808794 1.943833 0.574124,
   -1.808885 1.936225 0.562417,
   -1.818075 1.926245 0.563905,
   -1.789957 1.970389 0.580930,
   -1.790023 1.969112 0.579012,
   -1.790995 1.964699 0.573809,
   -1.792993 1.959679 0.569603,
   -1.789957 2.050486 0.719664,
   -1.827631 1.917307 0.567684,
   1.794781 2.171975 1.001272,
   1.792210 2.176409 1.005824,
   1.808794 2.158521 1.005299,
   1.790537 2.180208 1.011299,
   1.818030 2.143490 0.991643,
   1.808834 2.153573 0.992277,
   1.800498 2.163810 0.995776,
   1.827631 2.133914 0.993484,
   1.870079 2.166485 1.231278,
   1.870079 2.093489 1.006619,
   1.795829 2.232603 1.191505,
   1.800547 2.229716 1.198782,
   1.808794 2.219873 1.194121,
   1.808885 2.223483 1.207609,
   1.818075 2.215700 1.214030,
   1.789957 2.232585 1.169833,
   1.790023 2.233156 1.172065,
   1.790995 2.234070 1.178826,
   1.792993 2.233836 1.185371,
   1.789957 2.183082 1.017478,
   1.827631 2.206910 1.218143,
   -1.794781 2.233125 1.189472,
   -1.792210 2.234036 1.183182,
   -1.808794 2.219873 1.194121,
   -1.790537 2.233892 1.176520,
   -1.818030 2.215740 1.214005,
   -1.808834 2.223524 1.207565,
   -1.800498 2.229750 1.198717,
   -1.827631 2.206910 1.218143,
   -1.870079 2.093489 1.006619,
   -1.870079 2.166485 1.231278,
   -1.795829 2.170357 0.999933,
   -1.800547 2.163745 0.995743,
   -1.808794 2.158521 1.005299,
   -1.808885 2.153514 0.992266,
   -1.818075 2.143443 0.991646,
   -1.789957 2.183082 1.017478,
   -1.790023 2.182231 1.015336,
   -1.790995 2.178997 1.009329,
   -1.792993 2.174961 1.004172,
   -1.789957 2.232585 1.169833,
   -1.827631 2.133914 0.993484,
   1.794781 2.292869 1.470546,
   1.792210 2.296260 1.475921,
   1.808794 2.278872 1.471688,
   1.790537 2.298838 1.482066,
   1.818030 2.267009 1.455205,
   1.808834 2.276739 1.457922,
   1.800498 2.286025 1.463472,
   1.827631 2.257259 1.455015,
   1.870079 2.239678 1.694385,
   1.870079 2.214986 1.459458,
   1.795829 2.312620 1.669228,
   1.800547 2.308284 1.675745,
   1.808794 2.299625 1.669140,
   1.808885 2.300352 1.683083,
   1.818075 2.291403 1.687746,
   1.789957 2.317109 1.648025,
   1.790023 2.317203 1.650327,
   1.790995 2.316691 1.657131,
   1.792993 2.315102 1.663483,
   1.789957 2.300364 1.488707,
   1.827631 2.281951 1.689942,
   -1.794781 2.313554 1.667347,
   -1.792210 2.315753 1.661385,
   -1.808794 2.299625 1.669140,
   -1.790537 2.316997 1.654838,
   -1.818030 2.291448 1.687729,
   -1.808834 2.300401 1.683049,
   -1.800498 2.308330 1.675689,
   -1.827631 2.281951 1.689942,
   -1.870079 2.214986 1.459458,
   -1.870079 2.239678 1.694385,
   -1.795829 2.291565 1.468900,
   -1.800547 2.285968 1.463426,
   -1.808794 2.278872 1.471688,
   -1.808885 2.276684 1.457898,
   -1.818075 2.266961 1.455198,
   -1.789957 2.300364 1.488707,
   -1.790023 2.299977 1.486435,
   -1.790995 2.298062 1.479887,
   -1.792993 2.295187 1.474003,
   -1.789957 2.317109 1.648025,
   -1.827631 2.257259 1.455015,
   1.794781 2.313554 1.954700,
   1.792210 2.315753 1.960663,
   1.808794 2.299625 1.952907,
   1.790537 2.316997 1.967210,
   1.818030 2.291448 1.934318,
   1.808834 2.300401 1.938998,
   1.800498 2.308330 1.946358,
   1.827631 2.281951 1.932105,
   1.870079 2.214986 2.162589,
   1.870079 2.239678 1.927662,
   1.795829 2.291565 2.153147,
   1.800547 2.285968 2.158621,
   1.808794 2.278872 2.150359,
   1.808885 2.276684 2.164149,
   1.818075 2.266961 2.166849,
   1.789957 2.300364 2.133341,
   1.790023 2.299977 2.135612,
   1.790995 2.298062 2.142161,
   1.792993 2.295187 2.148044,
   1.789957 2.317109 1.974022,
   1.827631 2.257259 2.167032,
   -1.794781 2.292869 2.151501,
   -1.792210 2.296260 2.146127,
   -1.808794 2.278872 2.150359,
   -1.790537 2.298838 2.139981,
   -1.818030 2.267009 2.166842,
   -1.808834 2.276739 2.164126,
   -1.800498 2.286025 2.158575,
   -1.827631 2.257259 2.167032,
   -1.870079 2.239678 1.927662,
   -1.870079 2.214986 2.162589,
   -1.795829 2.312620 1.952820,
   -1.800547 2.308284 1.946302,
   -1.808794 2.299625 1.952907,
   -1.808885 2.300352 1.938964,
   -1.818075 2.291403 1.934302,
   -1.789957 2.317109 1.974022,
   -1.790023 2.317203 1.971720,
   -1.790995 2.316691 1.964917,
   -1.792993 2.315102 1.958564,
   -1.789957 2.300364 2.133341,
   -1.827631 2.281951 1.932105,
   1.794781 2.233125 2.432576,
   1.792210 2.234036 2.438865,
   1.808794 2.219873 2.427926,
   1.790537 2.233892 2.445527,
   1.818030 2.215740 2.408042,
   1.808834 2.223524 2.414482,
   1.800498 2.229750 2.423330,
   1.827631 2.206910 2.403904,
   1.870079 2.093489 2.615428,
   1.870079 2.166485 2.390769,
   1.795829 2.170357 2.622114,
   1.800547 2.163745 2.626304,
   1.808794 2.158521 2.616748,
   1.808885 2.153514 2.629782,
   1.818075 2.143443 2.630401,
   1.789957 2.183082 2.604570,
   1.790023 2.182231 2.606712,
   1.790995 2.178997 2.612719,
   1.792993 2.174961 2.617876,
   1.789957 2.232585 2.452215,
   1.827631 2.133914 2.628563,
   -1.794781 2.171975 2.620775,
   -1.792210 2.176409 2.616223,
   -1.808794 2.158521 2.616748,
   -1.790537 2.180208 2.610748,
   -1.818030 2.143490 2.630404,
   -1.808834 2.153573 2.629770,
   -1.800498 2.163810 2.626272,
   -1.827631 2.133914 2.628563,
   -1.870079 2.166485 2.390769,
   -1.870079 2.093489 2.615428,
   -1.795829 2.232603 2.430542,
   -1.800547 2.229716 2.423265,
   -1.808794 2.219873 2.427926,
   -1.808885 2.223483 2.414438,
   -1.818075 2.215700 2.408017,
   -1.789957 2.232585 2.452215,
   -1.790023 2.233156 2.449982,
   -1.790995 2.234070 2.443221,
   -1.792993 2.233836 2.436677,
   -1.789957 2.183082 2.604570,
   -1.827631 2.206910 2.403904,
   1.794781 2.055098 2.883286,
   1.792210 2.054682 2.889627,
   1.808794 2.043102 2.875983,
   1.790537 2.053155 2.896114,
   1.818030 2.043193 2.855674,
   1.808834 2.049469 2.863592,
   1.800498 2.053719 2.873540,
   1.827631 2.035417 2.849790,
   1.870079 1.880496 3.033110,
   1.870079 1.998606 2.828538,
   1.795829 1.954295 3.055632,
   1.800547 1.946956 3.058356,
   1.808794 1.943833 3.047923,
   1.808885 1.936225 3.059631,
   1.818075 1.926245 3.058143,
   1.789957 1.970389 3.041117,
   1.790023 1.969112 3.043035,
   1.790995 1.964699 3.048238,
   1.792993 1.959679 3.052444,
   1.789957 2.050486 2.902384,
   1.827631 1.917307 3.054363,
   -1.794781 1.956155 3.054659,
   -1.792210 1.961439 3.051128,
   -1.808794 1.943833 3.047923,
   -1.790537 1.966294 3.046563,
   -1.818030 1.926291 3.058156,
   -1.808834 1.936285 3.059632,
   -1.800498 1.947026 3.058338,
   -1.827631 1.917307 3.054363,
   -1.870079 1.998606 2.828538,
   -1.870079 1.880496 3.033110,
   -1.795829 2.055010 2.881188,
   -1.800547 2.053700 2.873470,
   -1.808794 2.043102 2.875983,
   -1.808885 2.049438 2.863540,
   -1.818075 2.043159 2.855641,
   -1.789957 2.050486 2.902384,
   -1.790023 2.051509 2.900318,
   -1.790995 2.053809 2.893895,
   -1.792993 2.054941 2.887446,
   -1.789957 1.970389 3.041117,
   -1.827631 2.035417 2.849790,
   1.794781 1.787253 3.287133,
   1.792210 1.785528 3.293250,
   1.808794 1.777038 3.277496,
   1.790537 1.782686 3.299277,
   1.818030 1.781349 3.257649,
   1.808834 1.785842 3.266699,
   1.800498 1.787931 3.277314,
   1.827631 1.774967 3.250278,
   1.870079 1.585316 3.397382,
   1.870079 1.743379 3.221836,
   1.795829 1.652820 3.434755,
   1.800547 1.645075 3.435894,
   1.808794 1.644190 3.425039,
   1.808885 1.634314 3.434909,
   1.818075 1.624861 3.431379,
   1.789957 1.671580 3.423903,
   1.790023 1.669932 3.425514,
   1.790995 1.664534 3.429686,
   1.792993 1.658750 3.432756,
   1.789957 1.778772 3.304855,
   1.827631 1.616904 3.425824,
   -1.794781 1.654842 3.434191,
   -1.792210 1.660744 3.431835,
   -1.808794 1.644190 3.425039,
   -1.790537 1.666442 3.428379,
   -1.818030 1.624903 3.431401,
   -1.808834 1.634373 3.434923,
   -1.800498 1.645147 3.435891,
   -1.827631 1.616904 3.425824,
   -1.870079 1.743379 3.221836,
   -1.870079 1.585316 3.397382,
   -1.795829 1.787603 3.285063,
   -1.800547 1.787926 3.277241,
   -1.808794 1.777038 3.277496,
   -1.808885 1.785822 3.266642,
   -1.818075 1.781323 3.257610,
   -1.789957 1.778772 3.304855,
   -1.790023 1.780202 3.303048,
   -1.790995 1.783786 3.297243,
   -1.792993 1.786235 3.291170,
   -1.789957 1.671580 3.423903,
   -1.827631 1.774967 3.250278,
   1.794781 1.441297 3.626467,
   1.792210 1.438337 3.632091,
   1.808794 1.433309 3.614917,
   1.790537 1.434304 3.637397,
   1.818030 1.441652 3.596401,
   1.808834 1.444165 3.606187,
   1.800498 1.444001 3.617004,
   1.827631 1.436942 3.587863,
   1.870079 1.220851 3.692322,
   1.870079 1.411958 3.553475,
   1.795829 1.279109 3.742913,
   1.800547 1.271296 3.742417,
   1.808794 1.272687 3.731615,
   1.808885 1.260976 3.739217,
   1.818075 1.252463 3.733798,
   1.789957 1.299716 3.736199,
   1.790023 1.297769 3.737432,
   1.790995 1.291621 3.740391,
   1.792993 1.285325 3.742191,
   1.789957 1.429316 3.642039,
   1.827631 1.245835 3.726710,
   -1.794781 1.281205 3.742782,
   -1.792210 1.287468 3.741705,
   -1.808794 1.272687 3.731615,
   -1.790537 1.293760 3.739509,
   -1.818030 1.252500 3.733828,
   -1.808834 1.261030 3.739242,
   -1.800498 1.271368 3.742429,
   -1.827631 1.245835 3.726710,
   -1.870079 1.411958 3.553475,
   -1.870079 1.220851 3.692322,
   -1.795829 1.442070 3.624515,
   -1.800547 1.444012 3.616931,
   -1.808794 1.433309 3.614917,
   -1.808885 1.444158 3.606127,
   -1.818075 1.441635 3.596357,
   -1.789957 1.429316 3.642039,
   -1.790023 1.431091 3.640568,
   -1.790995 1.435804 3.635636,
   -1.792993 1.439462 3.630204,
   -1.789957 1.299716 3.736199,
   -1.827631 1.436942 3.587863,
   1.794781 1.032349 3.886458,
   1.792210 1.028285 3.891344,
   1.808794 1.026938 3.873499,
   1.790537 1.023237 3.895695,
   1.818030 1.038948 3.857123,
   1.808834 1.039371 3.867217,
   1.800498 1.036962 3.877764,
   1.827631 1.036115 3.847792,
   1.870079 0.803029 3.905041,
   1.870079 1.018827 3.808961,
   1.795829 0.849495 3.966639,
   1.800547 0.841956 3.964529,
   1.808794 0.845563 3.954252,
   1.808885 0.832526 3.959253,
   1.818075 0.825327 3.952183,
   1.789957 0.871047 3.964355,
   1.790023 0.868886 3.965157,
   1.790995 0.862258 3.966772,
   1.792993 0.855725 3.967224,
   1.789957 1.017393 3.899198,
   1.827631 0.820317 3.943871,
   -1.794781 0.851572 3.966945,
   -1.792210 0.857922 3.967194,
   -1.808794 0.845563 3.954252,
   -1.790537 0.864533 3.966354,
   -1.818030 0.825356 3.952220,
   -1.808834 0.832574 3.959289,
   -1.800498 0.842024 3.964555,
   -1.827631 0.820317 3.943871,
   -1.870079 1.018827 3.808961,
   -1.870079 0.803029 3.905041,
   -1.795829 1.033511 3.884709,
   -1.800547 1.036988 3.877695,
   -1.808794 1.026938 3.873499,
   -1.808885 1.039376 3.867157,
   -1.818075 1.038940 3.857076,
   -1.789957 1.017393 3.899198,
   -1.790023 1.019434 3.898128,
   -1.790995 1.025070 3.894284,
   -1.792993 1.029777 3.889732,
   -1.789957 0.871047 3.964355,
   -1.827631 1.036115 3.847792,
   1.794781 0.578283 4.055743,
   1.792210 0.573292 4.059676,
   1.808794 0.575684 4.041941,
   1.790537 0.567450 4.062883,
   1.818030 0.590836 4.028420,
   1.808834 0.589152 4.038382,
   1.800498 0.584602 4.048197,
   1.827631 0.590006 4.018704,
   1.870079 0.350110 4.026240,
   1.870079 0.581168 3.977127,
   1.795829 0.382754 4.096153,
   1.800547 0.375819 4.092522,
   1.808794 0.381483 4.083220,
   1.808885 0.367692 4.085400,
   1.818075 0.362119 4.076988,
   1.789957 0.404310 4.098401,
   1.790023 0.402030 4.098735,
   1.790995 0.395210 4.098938,
   1.792993 0.388726 4.098022,
   1.789957 0.561005 4.065094,
   1.827631 0.358947 4.067817,
   -1.794781 0.384722 4.096885,
   -1.792210 0.390881 4.098449,
   -1.808794 0.381483 4.083220,
   -1.790537 0.397523 4.099002,
   -1.818030 0.362140 4.077031,
   -1.808834 0.367731 4.085446,
   -1.800498 0.375880 4.092562,
   -1.827631 0.358947 4.067817,
   -1.870079 0.581168 3.977127,
   -1.870079 0.350110 4.026240,
   -1.795829 0.579783 4.054273,
   -1.800547 0.584642 4.048135,
   -1.808794 0.575684 4.041941,
   -1.808885 0.589169 4.038324,
   -1.818075 0.590838 4.028373,
   -1.789957 0.561005 4.065094,
   -1.790023 0.563224 4.064472,
   -1.790995 0.569536 4.061884,
   -1.792993 0.575087 4.058409,
   -1.789957 0.404310 4.098401,
   -1.827631 0.590006 4.018704,
   2.244095 -0.582291 1.909449,
   -1.456693 -0.582291 1.909449,
   2.244095 -1.867487 1.909449,
   -1.456693 -1.867487 1.909449,
   -1.456693 -0.098425 3.678510,
   2.244095 -0.098425 3.678510,
   -1.456693 -0.293013 3.658004,
   2.244095 -0.293013 3.658004,
   -1.456693 -0.484394 3.617278,
   2.244095 -0.484394 3.617278,
   -1.456693 -0.670472 3.556779,
   2.244095 -0.670472 3.556779,
   -1.456693 -0.849209 3.477168,
   2.244095 -0.849209 3.477168,
   -1.456693 -1.018651 3.379318,
   2.244095 -1.018651 3.379318,
   -1.456693 -1.176940 3.264298,
   2.244095 -1.176940 3.264298,
   -1.456693 -1.322345 3.133369,
   2.244095 -1.322345 3.133369,
   -1.456693 -1.453274 2.987964,
   2.244095 -1.453274 2.987964,
   -1.456693 -1.568294 2.829674,
   2.244095 -1.568294 2.829674,
   -1.456693 -1.666145 2.660233,
   2.244095 -1.666145 2.660233,
   -1.456693 -1.745755 2.481495,
   2.244095 -1.745755 2.481495,
   -1.456693 -1.806255 2.295417,
   2.244095 -1.806255 2.295417,
   -1.456693 -1.846981 2.104037,
   2.244095 -1.846981 2.104037,
   2.244095 -0.098425 2.393315,
   -1.456693 -0.098425 2.393315,
   -1.456693 -0.569026 1.969013,
   -1.456693 -0.548608 2.029609,
   -1.456693 -0.521759 2.087643,
   -1.456693 -0.488793 2.142433,
   -1.456693 -0.450096 2.193338,
   -1.456693 -0.406122 2.239761,
   -1.456693 -0.357386 2.281157,
   -1.456693 -0.304461 2.317042,
   -1.456693 -0.247966 2.346993,
   -1.456693 -0.188564 2.370661,
   -1.456693 -0.126951 2.387768,
   2.244095 -0.098425 1.228732,
   -1.456693 -0.098425 1.228732,
   2.244095 -0.098425 -0.056463,
   -1.456693 -0.098425 -0.056463,
   -1.456693 -1.867487 1.712598,
   2.244095 -1.867487 1.712598,
   -1.456693 -1.846981 1.518010,
   2.244095 -1.846981 1.518010,
   -1.456693 -1.806255 1.326630,
   2.244095 -1.806255 1.326630,
   -1.456693 -1.745755 1.140552,
   2.244095 -1.745755 1.140552,
   -1.456693 -1.666145 0.961814,
   2.244095 -1.666145 0.961814,
   -1.456693 -1.568294 0.792373,
   2.244095 -1.568294 0.792373,
   -1.456693 -1.453274 0.634083,
   2.244095 -1.453274 0.634083,
   -1.456693 -1.322345 0.488678,
   2.244095 -1.322345 0.488678,
   -1.456693 -1.176940 0.357749,
   2.244095 -1.176940 0.357749,
   -1.456693 -1.018651 0.242730,
   2.244095 -1.018651 0.242730,
   -1.456693 -0.849209 0.144879,
   2.244095 -0.849209 0.144879,
   -1.456693 -0.670472 0.065268,
   2.244095 -0.670472 0.065268,
   -1.456693 -0.484394 0.004769,
   2.244095 -0.484394 0.004769,
   -1.456693 -0.293013 -0.035957,
   2.244095 -0.293013 -0.035957,
   2.244095 -0.582291 1.712598,
   -1.456693 -0.582291 1.712598,
   -1.456693 -0.126951 1.234279,
   -1.456693 -0.569026 1.653034,
   -1.456693 -0.548608 1.592438,
   -1.456693 -0.521759 1.534404,
   -1.456693 -0.488793 1.479614,
   -1.456693 -0.450096 1.428709,
   -1.456693 -0.406122 1.382286,
   -1.456693 -0.357386 1.340890,
   -1.456693 -0.304461 1.305006,
   -1.456693 -0.247966 1.275054,
   -1.456693 -0.188564 1.251386,
   2.244095 0.582291 1.712598,
   -1.456693 0.582291 1.712598,
   2.244095 1.867487 1.712598,
   -1.456693 1.867487 1.712598,
   -1.456693 0.098425 -0.056463,
   2.244095 0.098425 -0.056463,
   -1.456693 0.293013 -0.035957,
   2.244095 0.293013 -0.035957,
   -1.456693 0.484394 0.004769,
   2.244095 0.484394 0.004769,
   -1.456693 0.670472 0.065268,
   2.244095 0.670472 0.065268,
   -1.456693 0.849209 0.144879,
   2.244095 0.849209 0.144879,
   -1.456693 1.018651 0.242730,
   2.244095 1.018651 0.242730,
   -1.456693 1.176940 0.357749,
   2.244095 1.176940 0.357749,
   -1.456693 1.322345 0.488678,
   2.244095 1.322345 0.488678,
   -1.456693 1.453274 0.634083,
   2.244095 1.453274 0.634083,
   -1.456693 1.568294 0.792373,
   2.244095 1.568294 0.792373,
   -1.456693 1.666145 0.961814,
   2.244095 1.666145 0.961814,
   -1.456693 1.745755 1.140552,
   2.244095 1.745755 1.140552,
   -1.456693 1.806255 1.326630,
   2.244095 1.806255 1.326630,
   -1.456693 1.846981 1.518010,
   2.244095 1.846981 1.518010,
   2.244095 0.098425 1.228732,
   -1.456693 0.098425 1.228732,
   -1.456693 0.569026 1.653034,
   -1.456693 0.126951 1.234279,
   -1.456693 0.188564 1.251386,
   -1.456693 0.247966 1.275054,
   -1.456693 0.304461 1.305006,
   -1.456693 0.357386 1.340890,
   -1.456693 0.406122 1.382286,
   -1.456693 0.450096 1.428709,
   -1.456693 0.488793 1.479614,
   -1.456693 0.521759 1.534404,
   -1.456693 0.548608 1.592438,
   2.244095 0.098425 2.393315,
   -1.456693 0.098425 2.393315,
   2.244095 0.098425 3.678510,
   -1.456693 0.098425 3.678510,
   -1.456693 1.867487 1.909449,
   2.244095 1.867487 1.909449,
   -1.456693 1.846981 2.104037,
   2.244095 1.846981 2.104037,
   -1.456693 1.806255 2.295417,
   2.244095 1.806255 2.295417,
   -1.456693 1.745755 2.481495,
   2.244095 1.745755 2.481495,
   -1.456693 1.666145 2.660233,
   2.244095 1.666145 2.660233,
   -1.456693 1.568294 2.829674,
   2.244095 1.568294 2.829674,
   -1.456693 1.453274 2.987964,
   2.244095 1.453274 2.987964,
   -1.456693 1.322345 3.133369,
   2.244095 1.322345 3.133369,
   -1.456693 1.176940 3.264298,
   2.244095 1.176940 3.264298,
   -1.456693 1.018651 3.379318,
   2.244095 1.018651 3.379318,
   -1.456693 0.849209 3.477168,
   2.244095 0.849209 3.477168,
   -1.456693 0.670472 3.556779,
   2.244095 0.670472 3.556779,
   -1.456693 0.484394 3.617278,
   2.244095 0.484394 3.617278,
   -1.456693 0.293013 3.658004,
   2.244095 0.293013 3.658004,
   2.244095 0.582291 1.909449,
   -1.456693 0.582291 1.909449,
   -1.456693 0.126951 2.387768,
   -1.456693 0.188564 2.370661,
   -1.456693 0.247966 2.346993,
   -1.456693 0.304461 2.317042,
   -1.456693 0.357386 2.281157,
   -1.456693 0.406122 2.239761,
   -1.456693 0.450096 2.193338,
   -1.456693 0.488793 2.142433,
   -1.456693 0.521759 2.087643,
   -1.456693 0.548608 2.029609,
   -1.456693 0.569026 1.969013,
   -2.125984 0.000000 3.976378,
   -2.244095 -0.221346 3.846267,
   -2.125984 -0.234116 3.963685,
   -2.244095 -0.440097 3.810404,
   -2.125984 -0.465487 3.925753,
   -2.244095 -0.653688 3.751101,
   -2.125984 -0.691401 3.863029,
   -2.244095 -0.859615 3.669052,
   -2.125984 -0.909209 3.776246,
   -2.244095 -1.055465 3.565219,
   -2.125984 -1.116357 3.666423,
   -2.244095 -1.238939 3.440821,
   -2.125984 -1.310417 3.534847,
   -2.244095 -1.407889 3.297314,
   -2.125984 -1.489113 3.383061,
   -2.244095 -1.560332 3.136381,
   -2.125984 -1.650351 3.212844,
   -2.244095 -1.694481 2.959911,
   -2.125984 -1.792240 3.026192,
   -2.244095 -1.808765 2.769970,
   -2.125984 -1.913117 2.825294,
   -2.244095 -1.901842 2.568787,
   -2.125984 -2.011564 2.612504,
   -2.244095 -1.972622 2.358719,
   -2.125984 -2.086427 2.390317,
   -2.244095 -2.020275 2.142231,
   -2.125984 -2.136829 2.161339,
   -2.244095 -2.044242 1.921859,
   -2.125984 -2.162179 1.928253,
   -2.244095 -2.044242 1.700188,
   -2.125984 -2.162179 1.693794,
   -2.244095 -2.020275 1.479816,
   -2.125984 -2.136829 1.460708,
   -2.244095 -1.972622 1.263328,
   -2.125984 -2.086427 1.231730,
   -2.244095 -1.901842 1.053260,
   -2.125984 -2.011564 1.009543,
   -2.244095 -1.808765 0.852077,
   -2.125984 -1.913117 0.796753,
   -2.244095 -1.694481 0.662137,
   -2.125984 -1.792240 0.595855,
   -2.244095 -1.560332 0.485666,
   -2.125984 -1.650351 0.409203,
   -2.244095 -1.407889 0.324734,
   -2.125984 -1.489113 0.238986,
   -2.244095 -1.238939 0.181227,
   -2.125984 -1.310417 0.087200,
   -2.244095 -1.055465 0.056828,
   -2.125984 -1.116357 -0.044376,
   -2.244095 -0.859615 -0.047005,
   -2.125984 -0.909209 -0.154199,
   -2.244095 -0.653688 -0.129054,
   -2.125984 -0.691401 -0.240981,
   -2.244095 -0.440097 -0.188357,
   -2.125984 -0.465487 -0.303706,
   -2.244095 -0.221346 -0.224219,
   -2.125984 -0.234116 -0.341637,
   -2.244095 -0.000000 -0.236220,
   -2.125984 -0.000000 -0.354331,
   -2.244095 0.221346 -0.224219,
   -2.125984 0.234116 -0.341637,
   -2.244095 0.440097 -0.188357,
   -2.125984 0.465487 -0.303706,
   -2.244095 0.653688 -0.129054,
   -2.125984 0.691401 -0.240981,
   -2.244095 0.859615 -0.047005,
   -2.125984 0.909209 -0.154199,
   -2.244095 1.055465 0.056828,
   -2.125984 1.116357 -0.044376,
   -2.244095 1.238939 0.181227,
   -2.125984 1.310417 0.087200,
   -2.244095 1.407889 0.324734,
   -2.125984 1.489113 0.238986,
   -2.244095 1.560332 0.485666,
   -2.125984 1.650351 0.409203,
   -2.244095 1.694481 0.662137,
   -2.125984 1.792240 0.595855,
   -2.244095 1.808765 0.852077,
   -2.125984 1.913117 0.796753,
   -2.244095 1.901842 1.053260,
   -2.125984 2.011564 1.009543,
   -2.244095 1.972622 1.263328,
   -2.125984 2.086427 1.231730,
   -2.244095 2.020275 1.479816,
   -2.125984 2.136829 1.460708,
   -2.244095 2.044242 1.700188,
   -2.125984 2.162179 1.693794,
   -2.244095 2.044242 1.921859,
   -2.125984 2.162179 1.928253,
   -2.244095 2.020275 2.142231,
   -2.125984 2.136829 2.161339,
   -2.244095 1.972622 2.358719,
   -2.125984 2.086427 2.390317,
   -2.244095 1.901842 2.568787,
   -2.125984 2.011564 2.612504,
   -2.244095 1.808765 2.769970,
   -2.125984 1.913117 2.825294,
   -2.244095 1.694481 2.959911,
   -2.125984 1.792240 3.026192,
   -2.244095 1.560332 3.136381,
   -2.125984 1.650351 3.212844,
   -2.244095 1.407889 3.297314,
   -2.125984 1.489113 3.383061,
   -2.244095 1.238939 3.440821,
   -2.125984 1.310417 3.534847,
   -2.244095 1.055465 3.565219,
   -2.125984 1.116357 3.666423,
   -2.244095 0.859615 3.669052,
   -2.125984 0.909209 3.776246,
   -2.244095 0.653688 3.751101,
   -2.125984 0.691401 3.863029,
   -2.244095 0.440097 3.810404,
   -2.125984 0.465487 3.925753,
   -2.244095 0.221346 3.846267,
   -2.125984 0.234116 3.963685,
   -2.244095 0.000000 3.858268,
   2.125984 0.000000 -0.354331,
   2.244095 -0.221346 -0.224219,
   2.125984 -0.234116 -0.341637,
   2.244095 -0.440097 -0.188357,
   2.125984 -0.465487 -0.303706,
   2.244095 -0.653688 -0.129054,
   2.125984 -0.691401 -0.240981,
   2.244095 -0.859615 -0.047005,
   2.125984 -0.909209 -0.154199,
   2.244095 -1.055465 0.056828,
   2.125984 -1.116357 -0.044376,
   2.244095 -1.238939 0.181227,
   2.125984 -1.310417 0.087200,
   2.244095 -1.407889 0.324734,
   2.125984 -1.489113 0.238986,
   2.244095 -1.560332 0.485666,
   2.125984 -1.650351 0.409203,
   2.244095 -1.694481 0.662137,
   2.125984 -1.792240 0.595855,
   2.244095 -1.808765 0.852077,
   2.125984 -1.913117 0.796753,
   2.244095 -1.901842 1.053260,
   2.125984 -2.011564 1.009543,
   2.244095 -1.972622 1.263328,
   2.125984 -2.086427 1.231730,
   2.244095 -2.020275 1.479816,
   2.125984 -2.136829 1.460708,
   2.244095 -2.044242 1.700188,
   2.125984 -2.162179 1.693794,
   2.244095 -2.044242 1.921859,
   2.125984 -2.162179 1.928253,
   2.244095 -2.020275 2.142231,
   2.125984 -2.136829 2.161339,
   2.244095 -1.972622 2.358719,
   2.125984 -2.086427 2.390317,
   2.244095 -1.901842 2.568787,
   2.125984 -2.011564 2.612504,
   2.244095 -1.808765 2.769970,
   2.125984 -1.913117 2.825294,
   2.244095 -1.694481 2.959911,
   2.125984 -1.792240 3.026192,
   2.244095 -1.560332 3.136381,
   2.125984 -1.650351 3.212844,
   2.244095 -1.407889 3.297314,
   2.125984 -1.489113 3.383061,
   2.244095 -1.238939 3.440821,
   2.125984 -1.310417 3.534847,
   2.244095 -1.055465 3.565219,
   2.125984 -1.116357 3.666423,
   2.244095 -0.859615 3.669052,
   2.125984 -0.909209 3.776246,
   2.244095 -0.653688 3.751101,
   2.125984 -0.691401 3.863029,
   2.244095 -0.440097 3.810404,
   2.125984 -0.465487 3.925753,
   2.244095 -0.221346 3.846267,
   2.125984 -0.234116 3.963685,
   2.244095 0.000000 3.858268,
   2.125984 0.000000 3.976378,
   2.244095 0.221346 3.846267,
   2.125984 0.234116 3.963685,
   2.244095 0.440097 3.810404,
   2.125984 0.465487 3.925753,
   2.244095 0.653688 3.751101,
   2.125984 0.691401 3.863029,
   2.244095 0.859615 3.669052,
   2.125984 0.909209 3.776246,
   2.244095 1.055465 3.565219,
   2.125984 1.116357 3.666423,
   2.244095 1.238939 3.440821,
   2.125984 1.310417 3.534847,
   2.244095 1.407889 3.297314,
   2.125984 1.489113 3.383061,
   2.244095 1.560332 3.136381,
   2.125984 1.650351 3.212844,
   2.244095 1.694481 2.959911,
   2.125984 1.792240 3.026192,
   2.244095 1.808765 2.769970,
   2.125984 1.913117 2.825294,
   2.244095 1.901842 2.568787,
   2.125984 2.011564 2.612504,
   2.244095 1.972622 2.358719,
   2.125984 2.086427 2.390317,
   2.244095 2.020275 2.142231,
   2.125984 2.136829 2.161339,
   2.244095 2.044242 1.921859,
   2.125984 2.162179 1.928253,
   2.244095 2.044242 1.700188,
   2.125984 2.162179 1.693794,
   2.244095 2.020275 1.479816,
   2.125984 2.136829 1.460708,
   2.244095 1.972622 1.263328,
   2.125984 2.086427 1.231730,
   2.244095 1.901842 1.053260,
   2.125984 2.011564 1.009543,
   2.244095 1.808765 0.852077,
   2.125984 1.913117 0.796753,
   2.244095 1.694481 0.662137,
   2.125984 1.792240 0.595855,
   2.244095 1.560332 0.485666,
   2.125984 1.650351 0.409203,
   2.244095 1.407889 0.324734,
   2.125984 1.489113 0.238986,
   2.244095 1.238939 0.181227,
   2.125984 1.310417 0.087200,
   2.244095 1.055465 0.056828,
   2.125984 1.116357 -0.044376,
   2.244095 0.859615 -0.047005,
   2.125984 0.909209 -0.154199,
   2.244095 0.653688 -0.129054,
   2.125984 0.691401 -0.240981,
   2.244095 0.440097 -0.188357,
   2.125984 0.465487 -0.303706,
   2.244095 0.221346 -0.224219,
   2.125984 0.234116 -0.341637,
   2.244095 0.000000 -0.236220,
   2.578740 -0.590551 1.811024,
   2.578740 -0.589685 1.779052,
   2.578740 0.000000 1.811024,
   2.578740 -0.589685 1.842995,
   2.578740 -0.548608 2.029609,
   2.578740 -0.569026 1.969013,
   2.578740 -0.582772 1.906564,
   2.578740 -0.450096 2.193338,
   2.578740 -0.488793 2.142433,
   2.578740 -0.521759 2.087643,
   2.578740 -0.304461 2.317042,
   2.578740 -0.357386 2.281157,
   2.578740 -0.406122 2.239761,
   2.578740 -0.126951 2.387768,
   2.578740 -0.188564 2.370661,
   2.578740 -0.247966 2.346993,
   2.578740 0.063850 2.398113,
   2.578740 0.000000 2.401575,
   2.578740 -0.063850 2.398113,
   2.578740 0.247966 2.346993,
   2.578740 0.188564 2.370661,
   2.578740 0.126951 2.387768,
   2.578740 0.406122 2.239761,
   2.578740 0.357386 2.281157,
   2.578740 0.304461 2.317042,
   2.578740 0.521759 2.087643,
   2.578740 0.488793 2.142433,
   2.578740 0.450096 2.193338,
   2.578740 0.582772 1.906564,
   2.578740 0.569026 1.969013,
   2.578740 0.548608 2.029609,
   2.578740 0.582772 1.715483,
   2.578740 0.589685 1.779052,
   2.578740 0.589685 1.842995,
   2.578740 0.521759 1.534404,
   2.578740 0.548608 1.592438,
   2.578740 0.569026 1.653034,
   2.578740 0.406122 1.382286,
   2.578740 0.450096 1.428709,
   2.578740 0.488793 1.479614,
   2.578740 0.247966 1.275054,
   2.578740 0.304461 1.305006,
   2.578740 0.357386 1.340890,
   2.578740 0.063850 1.223934,
   2.578740 0.126951 1.234279,
   2.578740 0.188564 1.251386,
   2.578740 -0.126951 1.234279,
   2.578740 -0.063850 1.223934,
   2.578740 0.000000 1.220472,
   2.578740 -0.304461 1.305006,
   2.578740 -0.247966 1.275054,
   2.578740 -0.188564 1.251386,
   2.578740 -0.450096 1.428709,
   2.578740 -0.406122 1.382286,
   2.578740 -0.357386 1.340890,
   2.578740 -0.548608 1.592438,
   2.578740 -0.521759 1.534404,
   2.578740 -0.488793 1.479614,
   2.578740 -0.582772 1.715483,
   2.578740 -0.569026 1.653034,
   2.244095 -0.582772 1.906564,
   2.244095 -0.589685 1.842995,
   2.244095 0.582772 1.906564,
   2.244095 0.589685 1.842995,
   2.244095 0.589685 1.779052,
   2.244095 0.582772 1.715483,
   2.244095 0.063850 1.223934,
   2.244095 0.000000 1.220472,
   2.244095 -0.063850 1.223934,
   2.244095 -0.582772 1.715483,
   2.244095 -0.589685 1.779052,
   2.244095 -0.063850 2.398113,
   2.244095 0.000000 2.401575,
   2.244095 0.063850 2.398113,
   -2.244095 -0.000000 0.236220,
   -2.244095 -0.085258 0.238530,
   -2.578740 -0.085258 0.238530,
   -2.244095 -0.254775 0.256966,
   -2.578740 -0.254775 0.256966,
   -2.244095 -0.421304 0.293622,
   -2.578740 -0.421304 0.293622,
   -2.244095 -0.582895 0.348068,
   -2.578740 -0.582895 0.348068,
   -2.244095 -0.737651 0.419666,
   -2.578740 -0.737651 0.419666,
   -2.244095 -0.883759 0.507576,
   -2.578740 -0.883759 0.507576,
   -2.244095 -1.019506 0.610768,
   -2.578740 -1.019506 0.610768,
   -2.244095 -1.143300 0.728032,
   -2.578740 -1.143300 0.728032,
   -2.244095 -1.253690 0.857993,
   -2.578740 -1.253690 0.857993,
   -2.244095 -1.349381 0.999128,
   -2.578740 -1.349381 0.999128,
   -2.244095 -1.429253 1.149781,
   -2.578740 -1.429253 1.149781,
   -2.244095 -1.492367 1.308187,
   -2.578740 -1.492367 1.308187,
   -2.244095 -1.537985 1.472488,
   -2.578740 -1.537985 1.472488,
   -2.244095 -1.565572 1.640757,
   -2.578740 -1.565572 1.640757,
   -2.244095 -1.574803 1.811024,
   -2.578740 -1.574803 1.811024,
   -2.244095 -1.565572 1.981290,
   -2.578740 -1.565572 1.981290,
   -2.244095 -1.537985 2.149560,
   -2.578740 -1.537985 2.149560,
   -2.244095 -1.492367 2.313861,
   -2.578740 -1.492367 2.313861,
   -2.244095 -1.429253 2.472266,
   -2.578740 -1.429253 2.472266,
   -2.244095 -1.349381 2.622920,
   -2.578740 -1.349381 2.622920,
   -2.244095 -1.253690 2.764054,
   -2.578740 -1.253690 2.764054,
   -2.244095 -1.143300 2.894015,
   -2.578740 -1.143300 2.894015,
   -2.244095 -1.019506 3.011279,
   -2.578740 -1.019506 3.011279,
   -2.244095 -0.883759 3.114471,
   -2.578740 -0.883759 3.114471,
   -2.244095 -0.737651 3.202381,
   -2.578740 -0.737651 3.202381,
   -2.244095 -0.582895 3.273979,
   -2.578740 -0.582895 3.273979,
   -2.244095 -0.421304 3.328425,
   -2.578740 -0.421304 3.328425,
   -2.244095 -0.254775 3.365081,
   -2.578740 -0.254775 3.365081,
   -2.244095 -0.085258 3.383517,
   -2.578740 -0.085258 3.383517,
   -2.244095 0.085258 3.383517,
   -2.578740 0.085258 3.383517,
   -2.244095 0.254775 3.365081,
   -2.578740 0.254775 3.365081,
   -2.244095 0.421304 3.328425,
   -2.578740 0.421304 3.328425,
   -2.244095 0.582895 3.273979,
   -2.578740 0.582895 3.273979,
   -2.244095 0.737651 3.202381,
   -2.578740 0.737651 3.202381,
   -2.244095 0.883759 3.114471,
   -2.578740 0.883759 3.114471,
   -2.244095 1.019506 3.011279,
   -2.578740 1.019506 3.011279,
   -2.244095 1.143300 2.894015,
   -2.578740 1.143300 2.894015,
   -2.244095 1.253690 2.764054,
   -2.578740 1.253690 2.764054,
   -2.244095 1.349381 2.622920,
   -2.578740 1.349381 2.622920,
   -2.244095 1.429253 2.472266,
   -2.578740 1.429253 2.472266,
   -2.244095 1.492367 2.313861,
   -2.578740 1.492367 2.313861,
   -2.244095 1.537985 2.149560,
   -2.578740 1.537985 2.149560,
   -2.244095 1.565572 1.981290,
   -2.578740 1.565572 1.981290,
   -2.244095 1.574803 1.811024,
   -2.578740 1.574803 1.811024,
   -2.244095 1.565572 1.640757,
   -2.578740 1.565572 1.640757,
   -2.244095 1.537985 1.472488,
   -2.578740 1.537985 1.472488,
   -2.244095 1.492367 1.308187,
   -2.578740 1.492367 1.308187,
   -2.244095 1.429253 1.149781,
   -2.578740 1.429253 1.149781,
   -2.244095 1.349381 0.999128,
   -2.578740 1.349381 0.999128,
   -2.244095 1.253690 0.857993,
   -2.578740 1.253690 0.857993,
   -2.244095 1.143300 0.728032,
   -2.578740 1.143300 0.728032,
   -2.244095 1.019506 0.610768,
   -2.578740 1.019506 0.610768,
   -2.244095 0.883759 0.507576,
   -2.578740 0.883759 0.507576,
   -2.244095 0.737651 0.419666,
   -2.578740 0.737651 0.419666,
   -2.244095 0.582895 0.348068,
   -2.578740 0.582895 0.348068,
   -2.244095 0.421304 0.293622,
   -2.578740 0.421304 0.293622,
   -2.244095 0.254775 0.256966,
   -2.578740 0.254775 0.256966,
   -2.244095 0.085258 0.238530,
   -2.578740 0.085258 0.238530,
   -2.578740 -0.000000 1.811024,
   1.870079 0.565062 3.901350,
   -0.000000 0.565062 3.901350,
   0.000000 0.691401 3.863029,
   -1.870079 0.565062 3.901350,
   -1.870079 0.465487 3.925753,
   -1.870079 0.334003 3.950463,
   -0.000000 0.334003 3.950463,
   0.000000 0.234116 3.963685,
   1.870079 0.334003 3.950463,
   1.870079 0.465487 3.925753,
   -1.870079 0.987317 3.738189,
   -1.870079 0.909209 3.776246,
   -1.870079 0.771519 3.834268,
   -0.000000 0.771519 3.834268,
   1.870079 0.771519 3.834268,
   1.870079 0.909209 3.776246,
   1.870079 0.987317 3.738189,
   -0.000000 0.987317 3.738189,
   0.000000 1.116357 3.666423,
   -1.870079 1.366422 3.490801,
   -1.870079 1.310417 3.534847,
   -1.870079 1.175315 3.629648,
   -0.000000 1.489113 3.383061,
   -0.000000 1.366422 3.490801,
   1.870079 1.366422 3.490801,
   1.870079 1.310417 3.534847,
   1.870079 1.175315 3.629648,
   -0.000000 1.175315 3.629648,
   -1.870079 1.685807 3.169998,
   -1.870079 1.650351 3.212844,
   -1.870079 1.527745 3.345545,
   -0.000000 1.792240 3.026192,
   -0.000000 1.685807 3.169998,
   1.870079 1.685807 3.169998,
   1.870079 1.650351 3.212844,
   1.870079 1.527745 3.345545,
   -0.000000 1.527745 3.345545,
   -1.870079 1.931515 2.789802,
   -1.870079 1.913117 2.825294,
   -1.870079 1.813405 2.994376,
   -0.000000 2.011564 2.612504,
   -0.000000 1.931515 2.789802,
   1.870079 1.931515 2.789802,
   1.870079 1.913117 2.825294,
   1.870079 1.813405 2.994376,
   -0.000000 1.813405 2.994376,
   -1.870079 2.092807 2.366829,
   -1.870079 2.086427 2.390317,
   -1.870079 2.019810 2.591488,
   -0.000000 2.136829 2.161339,
   -0.000000 2.092807 2.366829,
   1.870079 2.092807 2.366829,
   1.870079 2.086427 2.390317,
   1.870079 2.019810 2.591488,
   -0.000000 2.019810 2.591488,
   -0.000000 2.137941 2.154491,
   -1.870079 2.137941 2.154491,
   -1.870079 2.162632 1.919564,
   -1.870079 2.162179 1.928253,
   1.870079 2.137941 2.154491,
   1.870079 2.162179 1.928253,
   1.870079 2.162632 1.919564,
   1.870079 2.162632 1.702483,
   -0.000000 2.162632 1.702483,
   -0.000000 2.162632 1.919564,
   -1.870079 2.162632 1.702483,
   -1.870079 2.162179 1.693794,
   -1.870079 2.137941 1.467556,
   -0.000000 2.136829 1.460708,
   -0.000000 2.137941 1.467556,
   1.870079 2.137941 1.467556,
   1.870079 2.162179 1.693794,
   -0.000000 2.011564 1.009543,
   -0.000000 2.019810 1.030559,
   1.870079 2.019810 1.030559,
   -1.870079 2.019810 1.030559,
   -1.870079 2.086427 1.231730,
   -1.870079 2.092807 1.255218,
   -0.000000 2.092807 1.255218,
   1.870079 2.092807 1.255218,
   1.870079 2.086427 1.231730,
   -0.000000 1.792240 0.595855,
   -0.000000 1.813405 0.627672,
   1.870079 1.813405 0.627672,
   -1.870079 1.813405 0.627672,
   -1.870079 1.913117 0.796753,
   -1.870079 1.931515 0.832245,
   -0.000000 1.931515 0.832245,
   1.870079 1.931515 0.832245,
   1.870079 1.913117 0.796753,
   -0.000000 1.489113 0.238986,
   -0.000000 1.527745 0.276503,
   1.870079 1.527745 0.276503,
   -1.870079 1.527745 0.276503,
   -1.870079 1.650351 0.409203,
   -1.870079 1.685807 0.452049,
   -0.000000 1.685807 0.452049,
   1.870079 1.685807 0.452049,
   1.870079 1.650351 0.409203,
   0.000000 1.116357 -0.044376,
   -0.000000 1.175315 -0.007600,
   1.870079 1.175315 -0.007600,
   -1.870079 1.175315 -0.007600,
   -1.870079 1.310417 0.087200,
   -1.870079 1.366422 0.131247,
   -0.000000 1.366422 0.131247,
   1.870079 1.366422 0.131247,
   1.870079 1.310417 0.087200,
   1.870079 0.771519 -0.212221,
   -0.000000 0.771519 -0.212221,
   0.000000 0.691401 -0.240981,
   -1.870079 0.771519 -0.212221,
   -1.870079 0.909209 -0.154199,
   -1.870079 0.987317 -0.116141,
   -0.000000 0.987317 -0.116141,
   1.870079 0.987317 -0.116141,
   1.870079 0.909209 -0.154199,
   1.870079 0.334003 -0.328416,
   -0.000000 0.334003 -0.328416,
   0.000000 0.234116 -0.341637,
   -1.870079 0.334003 -0.328416,
   -1.870079 0.465487 -0.303706,
   -1.870079 0.565062 -0.279303,
   -0.000000 0.565062 -0.279303,
   1.870079 0.565062 -0.279303,
   1.870079 0.465487 -0.303706,
   1.870079 -0.118110 -0.351107,
   0.000000 -0.118110 -0.351107,
   0.000000 -0.234116 -0.341637,
   -1.870079 -0.118110 -0.351107,
   -1.870079 -0.000000 -0.354331,
   -1.870079 0.118110 -0.351107,
   -0.000000 0.118110 -0.351107,
   1.870079 0.118110 -0.351107,
   1.870079 0.000000 -0.354331,
   1.870079 -0.565062 -0.279303,
   0.000000 -0.565062 -0.279303,
   0.000000 -0.691401 -0.240981,
   -1.870079 -0.565062 -0.279303,
   -1.870079 -0.465487 -0.303706,
   -1.870079 -0.334003 -0.328416,
   0.000000 -0.334003 -0.328416,
   1.870079 -0.334003 -0.328416,
   1.870079 -0.465487 -0.303706,
   -1.870079 -0.987317 -0.116141,
   -1.870079 -0.909209 -0.154199,
   -1.870079 -0.771519 -0.212221,
   0.000000 -0.771519 -0.212221,
   1.870079 -0.771519 -0.212221,
   1.870079 -0.909209 -0.154199,
   1.870079 -0.987317 -0.116141,
   0.000000 -0.987317 -0.116141,
   0.000000 -1.116357 -0.044376,
   -1.870079 -1.366422 0.131247,
   -1.870079 -1.310417 0.087200,
   -1.870079 -1.175315 -0.007600,
   0.000000 -1.489113 0.238986,
   0.000000 -1.366422 0.131247,
   1.870079 -1.366422 0.131247,
   1.870079 -1.310417 0.087200,
   1.870079 -1.175315 -0.007600,
   0.000000 -1.175315 -0.007600,
   -1.870079 -1.685807 0.452049,
   -1.870079 -1.650351 0.409203,
   -1.870079 -1.527745 0.276503,
   0.000000 -1.792240 0.595855,
   0.000000 -1.685807 0.452049,
   1.870079 -1.685807 0.452049,
   1.870079 -1.650351 0.409203,
   1.870079 -1.527745 0.276503,
   0.000000 -1.527745 0.276503,
   -1.870079 -1.931515 0.832245,
   -1.870079 -1.913117 0.796753,
   -1.870079 -1.813405 0.627672,
   0.000000 -2.011564 1.009543,
   0.000000 -1.931515 0.832245,
   1.870079 -1.931515 0.832245,
   1.870079 -1.913117 0.796753,
   1.870079 -1.813405 0.627672,
   0.000000 -1.813405 0.627672,
   -1.870079 -2.092807 1.255218,
   -1.870079 -2.086427 1.231730,
   -1.870079 -2.019810 1.030559,
   0.000000 -2.136829 1.460708,
   0.000000 -2.092807 1.255218,
   1.870079 -2.092807 1.255218,
   1.870079 -2.086427 1.231730,
   1.870079 -2.019810 1.030559,
   0.000000 -2.019810 1.030559,
   0.000000 -2.137941 1.467556,
   -1.870079 -2.137941 1.467556,
   -1.870079 -2.162632 1.702483,
   -1.870079 -2.162179 1.693794,
   1.870079 -2.137941 1.467556,
   1.870079 -2.162179 1.693794,
   1.870079 -2.162632 1.702483,
   1.870079 -2.162632 1.919564,
   0.000000 -2.162632 1.919564,
   0.000000 -2.162632 1.702483,
   -1.870079 -2.162632 1.919564,
   -1.870079 -2.162179 1.928253,
   -1.870079 -2.137941 2.154491,
   0.000000 -2.136829 2.161339,
   0.000000 -2.137941 2.154491,
   1.870079 -2.137941 2.154491,
   1.870079 -2.162179 1.928253,
   0.000000 -2.011564 2.612504,
   0.000000 -2.019810 2.591488,
   1.870079 -2.019810 2.591488,
   -1.870079 -2.019810 2.591488,
   -1.870079 -2.086427 2.390317,
   -1.870079 -2.092807 2.366829,
   0.000000 -2.092807 2.366829,
   1.870079 -2.092807 2.366829,
   1.870079 -2.086427 2.390317,
   0.000000 -1.792240 3.026192,
   0.000000 -1.813405 2.994376,
   1.870079 -1.813405 2.994376,
   -1.870079 -1.813405 2.994376,
   -1.870079 -1.913117 2.825294,
   -1.870079 -1.931515 2.789802,
   0.000000 -1.931515 2.789802,
   1.870079 -1.931515 2.789802,
   1.870079 -1.913117 2.825294,
   0.000000 -1.489113 3.383061,
   0.000000 -1.527745 3.345545,
   1.870079 -1.527745 3.345545,
   -1.870079 -1.527745 3.345545,
   -1.870079 -1.650351 3.212844,
   -1.870079 -1.685807 3.169998,
   0.000000 -1.685807 3.169998,
   1.870079 -1.685807 3.169998,
   1.870079 -1.650351 3.212844,
   0.000000 -1.116357 3.666423,
   0.000000 -1.175315 3.629648,
   1.870079 -1.175315 3.629648,
   -1.870079 -1.175315 3.629648,
   -1.870079 -1.310417 3.534847,
   -1.870079 -1.366422 3.490801,
   0.000000 -1.366422 3.490801,
   1.870079 -1.366422 3.490801,
   1.870079 -1.310417 3.534847,
   1.870079 -0.771519 3.834268,
   0.000000 -0.771519 3.834268,
   0.000000 -0.691401 3.863029,
   -1.870079 -0.771519 3.834268,
   -1.870079 -0.909209 3.776246,
   -1.870079 -0.987317 3.738189,
   0.000000 -0.987317 3.738189,
   1.870079 -0.987317 3.738189,
   1.870079 -0.909209 3.776246,
   1.870079 -0.334003 3.950463,
   0.000000 -0.334003 3.950463,
   0.000000 -0.234116 3.963685,
   -1.870079 -0.334003 3.950463,
   -1.870079 -0.465487 3.925753,
   -1.870079 -0.565062 3.901350,
   0.000000 -0.565062 3.901350,
   1.870079 -0.565062 3.901350,
   1.870079 -0.465487 3.925753,
   1.870079 0.118110 3.973154,
   -0.000000 0.118110 3.973154,
   -1.870079 0.118110 3.973154,
   -1.870079 -0.000000 3.976378,
   -1.870079 -0.118110 3.973154,
   0.000000 -0.118110 3.973154,
   1.870079 -0.118110 3.973154,
   1.870079 0.000000 3.976378
  ] }
  coordIndex [
   0 1 2 -1,
   0 2 3 -1,
   2 4 3 -1,
   3 4 5 -1,
   6 7 8 -1,
   6 8 9 -1,
   8 10 9 -1,
   9 10 11 -1,
   12 13 14 -1,
   12 14 15 -1,
   14 16 15 -1,
   15 16 17 -1,
   18 19 20 -1,
   19 21 20 -1,
   22 23 24 -1,
   22 24 25 -1,
   24 26 25 -1,
   25 26 27 -1,
   26 28 27 -1,
   27 28 29 -1,
   28 30 29 -1,
   29 30 31 -1,
   30 32 31 -1,
   31 32 33 -1,
   32 34 33 -1,
   33 34 35 -1,
   34 36 35 -1,
   35 36 37 -1,
   36 21 37 -1,
   37 21 19 -1,
   22 38 23 -1,
   38 39 23 -1,
   40 41 42 -1,
   43 44 45 -1,
   44 46 45 -1,
   45 46 47 -1,
   48 49 50 -1,
   46 51 47 -1,
   51 52 47 -1,
   47 52 53 -1,
   54 55 56 -1,
   55 57 56 -1,
   58 59 60 -1,
   59 61 60 -1,
   60 61 62 -1,
   52 63 53 -1,
   63 64 53 -1,
   53 64 65 -1,
   64 60 65 -1,
   65 60 66 -1,
   60 62 66 -1,
   58 60 67 -1,
   60 68 67 -1,
   67 68 69 -1,
   48 50 42 -1,
   50 70 42 -1,
   42 70 40 -1,
   71 72 73 -1,
   72 55 73 -1,
   73 55 74 -1,
   55 54 74 -1,
   57 55 75 -1,
   55 76 75 -1,
   75 76 77 -1,
   76 78 77 -1,
   77 78 45 -1,
   78 79 45 -1,
   45 79 43 -1,
   41 80 42 -1,
   80 81 42 -1,
   42 81 68 -1,
   81 82 68 -1,
   68 82 69 -1,
   83 84 48 -1,
   84 85 48 -1,
   48 85 49 -1,
   71 86 72 -1,
   86 87 72 -1,
   72 87 83 -1,
   87 88 83 -1,
   83 88 84 -1,
   47 53 89 -1,
   53 90 89 -1,
   77 91 92 -1,
   77 92 75 -1,
   92 93 75 -1,
   75 93 57 -1,
   93 94 57 -1,
   57 94 56 -1,
   94 95 56 -1,
   56 95 54 -1,
   95 96 54 -1,
   54 96 74 -1,
   96 97 74 -1,
   74 97 73 -1,
   97 98 73 -1,
   73 98 71 -1,
   98 99 71 -1,
   71 99 86 -1,
   99 100 86 -1,
   86 100 87 -1,
   100 101 87 -1,
   87 101 88 -1,
   101 102 88 -1,
   88 102 84 -1,
   102 103 84 -1,
   84 103 85 -1,
   103 104 85 -1,
   85 104 49 -1,
   104 105 49 -1,
   49 105 50 -1,
   105 106 50 -1,
   50 106 70 -1,
   106 107 70 -1,
   70 107 40 -1,
   107 108 40 -1,
   40 108 41 -1,
   108 109 41 -1,
   41 109 80 -1,
   109 110 80 -1,
   80 110 81 -1,
   110 111 81 -1,
   81 111 82 -1,
   111 112 82 -1,
   82 112 69 -1,
   112 113 69 -1,
   69 113 67 -1,
   113 114 67 -1,
   67 114 58 -1,
   114 115 58 -1,
   58 115 59 -1,
   115 116 59 -1,
   59 116 61 -1,
   116 117 61 -1,
   61 117 62 -1,
   117 118 62 -1,
   62 118 66 -1,
   118 119 66 -1,
   66 119 65 -1,
   119 90 65 -1,
   65 90 53 -1,
   77 45 91 -1,
   45 120 91 -1,
   121 122 123 -1,
   122 124 123 -1,
   123 124 125 -1,
   124 126 125 -1,
   125 126 127 -1,
   126 128 127 -1,
   127 128 129 -1,
   128 130 129 -1,
   129 130 131 -1,
   130 132 131 -1,
   131 132 133 -1,
   132 134 133 -1,
   133 134 135 -1,
   134 136 135 -1,
   135 136 137 -1,
   136 138 137 -1,
   137 138 139 -1,
   138 140 139 -1,
   139 140 141 -1,
   140 142 141 -1,
   141 142 143 -1,
   142 144 143 -1,
   143 144 145 -1,
   144 146 145 -1,
   145 146 147 -1,
   146 148 147 -1,
   147 148 149 -1,
   148 150 149 -1,
   149 150 151 -1,
   150 152 151 -1,
   151 152 153 -1,
   152 154 153 -1,
   153 154 121 -1,
   154 122 121 -1,
   143 145 155 -1,
   145 147 155 -1,
   155 147 156 -1,
   157 158 127 -1,
   129 159 160 -1,
   147 149 156 -1,
   149 151 156 -1,
   156 151 161 -1,
   151 153 161 -1,
   161 153 121 -1,
   162 163 125 -1,
   163 164 125 -1,
   125 164 123 -1,
   164 165 123 -1,
   123 165 166 -1,
   158 167 127 -1,
   167 168 127 -1,
   127 168 125 -1,
   168 169 125 -1,
   125 169 162 -1,
   166 170 123 -1,
   170 171 123 -1,
   123 171 121 -1,
   171 172 121 -1,
   121 172 161 -1,
   129 160 127 -1,
   160 173 127 -1,
   127 173 157 -1,
   174 135 175 -1,
   135 176 175 -1,
   177 133 178 -1,
   133 135 178 -1,
   178 135 179 -1,
   135 174 179 -1,
   176 135 180 -1,
   135 137 180 -1,
   180 137 181 -1,
   137 139 181 -1,
   181 139 155 -1,
   139 141 155 -1,
   155 141 143 -1,
   131 182 129 -1,
   182 183 129 -1,
   129 183 159 -1,
   177 184 133 -1,
   184 185 133 -1,
   133 185 131 -1,
   185 186 131 -1,
   131 186 182 -1,
   156 161 187 -1,
   161 188 187 -1,
   181 189 190 -1,
   181 190 180 -1,
   190 191 180 -1,
   180 191 176 -1,
   191 192 176 -1,
   176 192 175 -1,
   192 193 175 -1,
   175 193 174 -1,
   193 194 174 -1,
   174 194 179 -1,
   194 195 179 -1,
   179 195 178 -1,
   195 196 178 -1,
   178 196 177 -1,
   196 197 177 -1,
   177 197 184 -1,
   197 198 184 -1,
   184 198 185 -1,
   198 199 185 -1,
   185 199 186 -1,
   199 200 186 -1,
   186 200 182 -1,
   200 201 182 -1,
   182 201 183 -1,
   201 202 183 -1,
   183 202 159 -1,
   202 203 159 -1,
   159 203 160 -1,
   203 204 160 -1,
   160 204 173 -1,
   204 205 173 -1,
   173 205 157 -1,
   205 206 157 -1,
   157 206 158 -1,
   206 207 158 -1,
   158 207 167 -1,
   207 208 167 -1,
   167 208 168 -1,
   208 209 168 -1,
   168 209 169 -1,
   209 210 169 -1,
   169 210 162 -1,
   210 211 162 -1,
   162 211 163 -1,
   211 212 163 -1,
   163 212 164 -1,
   212 213 164 -1,
   164 213 165 -1,
   213 214 165 -1,
   165 214 166 -1,
   214 215 166 -1,
   166 215 170 -1,
   215 216 170 -1,
   170 216 171 -1,
   216 217 171 -1,
   171 217 172 -1,
   217 188 172 -1,
   172 188 161 -1,
   181 155 189 -1,
   155 218 189 -1,
   219 220 221 -1,
   220 222 221 -1,
   221 222 223 -1,
   222 224 223 -1,
   223 224 225 -1,
   224 226 225 -1,
   225 226 227 -1,
   226 228 227 -1,
   227 228 229 -1,
   228 230 229 -1,
   229 230 231 -1,
   230 232 231 -1,
   231 232 233 -1,
   232 234 233 -1,
   233 234 235 -1,
   234 236 235 -1,
   235 236 237 -1,
   236 238 237 -1,
   237 238 239 -1,
   238 240 239 -1,
   239 240 241 -1,
   240 242 241 -1,
   241 242 243 -1,
   242 244 243 -1,
   243 244 245 -1,
   244 246 245 -1,
   245 246 247 -1,
   246 248 247 -1,
   247 248 249 -1,
   248 250 249 -1,
   249 250 251 -1,
   250 252 251 -1,
   251 252 253 -1,
   252 254 253 -1,
   253 254 255 -1,
   254 256 255 -1,
   255 256 257 -1,
   256 258 257 -1,
   257 258 259 -1,
   258 260 259 -1,
   259 260 219 -1,
   260 220 219 -1,
   226 261 228 -1,
   261 262 228 -1,
   228 262 230 -1,
   262 263 230 -1,
   230 263 232 -1,
   263 264 232 -1,
   232 264 234 -1,
   264 265 234 -1,
   234 265 236 -1,
   265 266 236 -1,
   236 266 238 -1,
   266 267 238 -1,
   238 267 240 -1,
   267 268 240 -1,
   240 268 242 -1,
   268 269 242 -1,
   242 269 244 -1,
   269 270 244 -1,
   244 270 246 -1,
   270 271 246 -1,
   246 271 248 -1,
   271 272 248 -1,
   248 272 250 -1,
   272 273 250 -1,
   250 273 252 -1,
   273 274 252 -1,
   252 274 254 -1,
   274 275 254 -1,
   275 276 254 -1,
   254 276 256 -1,
   276 277 256 -1,
   256 277 258 -1,
   277 278 258 -1,
   258 278 260 -1,
   278 279 260 -1,
   260 279 220 -1,
   279 280 220 -1,
   220 280 222 -1,
   280 281 222 -1,
   222 281 224 -1,
   281 282 224 -1,
   224 282 226 -1,
   282 283 226 -1,
   226 283 261 -1,
   257 259 284 -1,
   259 219 284 -1,
   284 219 221 -1,
   251 253 284 -1,
   253 255 284 -1,
   284 255 257 -1,
   245 247 284 -1,
   247 249 284 -1,
   284 249 251 -1,
   239 241 284 -1,
   241 243 284 -1,
   284 243 245 -1,
   233 235 284 -1,
   235 237 284 -1,
   284 237 239 -1,
   227 229 284 -1,
   229 231 284 -1,
   284 231 233 -1,
   221 223 284 -1,
   223 225 284 -1,
   284 225 227 -1,
   278 277 285 -1,
   277 276 285 -1,
   285 276 286 -1,
   276 275 286 -1,
   286 275 287 -1,
   275 274 287 -1,
   287 274 288 -1,
   274 273 288 -1,
   288 273 289 -1,
   273 272 289 -1,
   289 272 290 -1,
   272 271 290 -1,
   290 271 291 -1,
   271 270 291 -1,
   291 270 292 -1,
   270 269 292 -1,
   292 269 293 -1,
   269 268 293 -1,
   293 268 294 -1,
   268 267 294 -1,
   294 267 295 -1,
   267 266 295 -1,
   295 266 296 -1,
   266 265 296 -1,
   296 265 297 -1,
   265 264 297 -1,
   297 264 298 -1,
   264 263 298 -1,
   298 263 299 -1,
   263 262 299 -1,
   299 262 300 -1,
   262 261 300 -1,
   300 261 301 -1,
   261 283 301 -1,
   301 283 302 -1,
   283 282 302 -1,
   302 282 303 -1,
   282 281 303 -1,
   303 281 304 -1,
   281 280 304 -1,
   304 280 305 -1,
   280 279 305 -1,
   305 279 306 -1,
   279 278 306 -1,
   306 278 285 -1,
   307 308 309 -1,
   308 310 309 -1,
   311 310 312 -1,
   310 308 312 -1,
   312 308 313 -1,
   308 307 313 -1,
   307 314 313 -1,
   309 315 307 -1,
   315 316 307 -1,
   307 316 314 -1,
   317 318 319 -1,
   318 320 319 -1,
   319 320 321 -1,
   320 322 321 -1,
   321 322 323 -1,
   324 325 39 -1,
   325 326 39 -1,
   326 323 327 -1,
   323 322 327 -1,
   20 328 329 -1,
   34 32 330 -1,
   331 332 327 -1,
   332 333 327 -1,
   327 333 326 -1,
   333 334 326 -1,
   335 39 336 -1,
   39 326 336 -1,
   336 326 337 -1,
   326 334 337 -1,
   328 20 338 -1,
   20 21 338 -1,
   338 21 339 -1,
   340 341 342 -1,
   343 344 335 -1,
   344 345 335 -1,
   345 346 335 -1,
   335 346 39 -1,
   346 347 39 -1,
   39 347 348 -1,
   23 39 349 -1,
   20 350 351 -1,
   350 342 351 -1,
   351 342 352 -1,
   342 341 352 -1,
   353 354 355 -1,
   354 356 355 -1,
   355 356 327 -1,
   356 357 327 -1,
   327 357 331 -1,
   348 358 39 -1,
   358 359 39 -1,
   39 359 349 -1,
   335 360 343 -1,
   360 361 343 -1,
   343 361 329 -1,
   361 362 329 -1,
   329 362 20 -1,
   362 363 20 -1,
   20 363 350 -1,
   355 364 353 -1,
   364 365 353 -1,
   353 365 342 -1,
   365 366 342 -1,
   342 366 340 -1,
   349 367 23 -1,
   367 368 23 -1,
   23 368 24 -1,
   368 369 24 -1,
   339 21 330 -1,
   21 36 330 -1,
   330 36 34 -1,
   32 30 330 -1,
   30 28 330 -1,
   330 28 369 -1,
   28 26 369 -1,
   369 26 24 -1,
   312 370 311 -1,
   370 371 311 -1,
   64 372 60 -1,
   372 373 60 -1,
   60 373 68 -1,
   373 374 68 -1,
   68 374 42 -1,
   374 375 42 -1,
   42 375 48 -1,
   375 376 48 -1,
   48 376 83 -1,
   376 377 83 -1,
   83 377 72 -1,
   377 378 72 -1,
   72 378 55 -1,
   378 379 55 -1,
   55 379 76 -1,
   379 380 76 -1,
   76 380 78 -1,
   380 381 78 -1,
   78 381 79 -1,
   381 382 79 -1,
   79 382 43 -1,
   382 383 43 -1,
   43 383 44 -1,
   383 384 44 -1,
   44 384 46 -1,
   384 385 46 -1,
   46 385 51 -1,
   385 386 51 -1,
   51 386 52 -1,
   386 387 52 -1,
   52 387 63 -1,
   387 388 63 -1,
   63 388 64 -1,
   388 372 64 -1,
   325 389 390 -1,
   391 392 393 -1,
   392 326 393 -1,
   393 326 394 -1,
   395 396 390 -1,
   396 397 390 -1,
   390 397 325 -1,
   397 398 325 -1,
   326 325 394 -1,
   325 398 394 -1,
   394 398 399 -1,
   398 400 399 -1,
   399 400 401 -1,
   400 396 401 -1,
   401 396 402 -1,
   396 395 402 -1,
   402 395 403 -1,
   395 404 403 -1,
   405 406 407 -1,
   406 408 407 -1,
   407 408 401 -1,
   408 392 401 -1,
   401 392 399 -1,
   392 391 399 -1,
   409 410 323 -1,
   326 411 412 -1,
   323 294 295 -1,
   288 413 414 -1,
   411 326 415 -1,
   326 392 415 -1,
   415 392 416 -1,
   295 296 323 -1,
   296 297 323 -1,
   323 297 298 -1,
   294 323 293 -1,
   323 410 293 -1,
   293 410 292 -1,
   301 321 300 -1,
   321 323 300 -1,
   300 323 299 -1,
   323 298 299 -1,
   288 289 413 -1,
   289 290 413 -1,
   413 290 410 -1,
   290 291 410 -1,
   410 291 292 -1,
   301 302 321 -1,
   302 303 321 -1,
   321 303 319 -1,
   303 304 319 -1,
   319 304 305 -1,
   305 306 319 -1,
   306 285 319 -1,
   319 285 408 -1,
   323 326 409 -1,
   326 412 409 -1,
   409 412 414 -1,
   412 416 414 -1,
   414 416 288 -1,
   416 392 288 -1,
   288 392 287 -1,
   392 408 287 -1,
   287 408 286 -1,
   408 285 286 -1,
   313 314 312 -1,
   314 316 312 -1,
   417 418 419 -1,
   418 420 419 -1,
   315 318 316 -1,
   318 317 316 -1,
   421 327 322 -1,
   422 324 38 -1,
   324 39 38 -1,
   320 218 155 -1,
   322 320 421 -1,
   320 155 421 -1,
   421 155 38 -1,
   155 156 38 -1,
   89 422 47 -1,
   422 38 47 -1,
   47 38 45 -1,
   38 156 45 -1,
   45 156 120 -1,
   156 187 120 -1,
   215 214 124 -1,
   315 120 187 -1,
   320 318 218 -1,
   318 315 218 -1,
   423 424 371 -1,
   424 420 371 -1,
   418 422 420 -1,
   422 89 420 -1,
   420 89 371 -1,
   89 311 371 -1,
   187 122 154 -1,
   189 138 190 -1,
   138 136 190 -1,
   190 136 191 -1,
   136 192 191 -1,
   128 206 205 -1,
   202 130 203 -1,
   130 128 203 -1,
   203 128 204 -1,
   128 205 204 -1,
   375 108 107 -1,
   154 152 187 -1,
   152 150 187 -1,
   187 150 315 -1,
   150 148 315 -1,
   315 148 218 -1,
   148 146 218 -1,
   195 194 136 -1,
   194 193 136 -1,
   136 193 192 -1,
   386 385 120 -1,
   385 384 120 -1,
   112 374 113 -1,
   374 373 113 -1,
   113 373 114 -1,
   373 115 114 -1,
   118 117 373 -1,
   117 116 373 -1,
   373 116 115 -1,
   146 144 218 -1,
   144 142 218 -1,
   218 142 189 -1,
   142 140 189 -1,
   189 140 138 -1,
   195 136 196 -1,
   136 134 196 -1,
   196 134 197 -1,
   134 132 197 -1,
   197 132 198 -1,
   210 209 126 -1,
   209 208 126 -1,
   126 208 128 -1,
   208 207 128 -1,
   128 207 206 -1,
   309 310 315 -1,
   310 311 315 -1,
   315 311 120 -1,
   311 89 120 -1,
   120 89 386 -1,
   384 383 120 -1,
   383 382 120 -1,
   120 382 91 -1,
   96 95 379 -1,
   95 94 379 -1,
   382 381 91 -1,
   381 380 91 -1,
   91 380 92 -1,
   380 379 92 -1,
   92 379 93 -1,
   379 94 93 -1,
   375 107 376 -1,
   107 106 376 -1,
   376 106 105 -1,
   112 111 374 -1,
   111 110 374 -1,
   374 110 375 -1,
   110 109 375 -1,
   375 109 108 -1,
   118 373 119 -1,
   373 372 119 -1,
   119 372 90 -1,
   372 388 90 -1,
   90 388 89 -1,
   388 387 89 -1,
   89 387 386 -1,
   202 201 130 -1,
   201 200 130 -1,
   130 200 132 -1,
   200 199 132 -1,
   132 199 198 -1,
   101 100 377 -1,
   100 99 377 -1,
   377 99 378 -1,
   99 98 378 -1,
   378 98 379 -1,
   98 97 379 -1,
   379 97 96 -1,
   214 213 124 -1,
   213 212 124 -1,
   124 212 126 -1,
   212 211 126 -1,
   126 211 210 -1,
   187 188 122 -1,
   188 217 122 -1,
   122 217 124 -1,
   217 216 124 -1,
   124 216 215 -1,
   105 104 376 -1,
   104 103 376 -1,
   376 103 377 -1,
   103 102 377 -1,
   377 102 101 -1,
   418 417 422 -1,
   417 406 422 -1,
   422 406 405 -1,
   425 426 427 -1,
   403 404 324 -1,
   404 389 324 -1,
   324 389 325 -1,
   428 429 405 -1,
   429 430 405 -1,
   405 430 431 -1,
   324 422 403 -1,
   422 405 403 -1,
   403 405 432 -1,
   405 431 432 -1,
   432 431 433 -1,
   434 435 436 -1,
   435 389 436 -1,
   436 389 427 -1,
   389 404 427 -1,
   427 404 425 -1,
   406 417 419 -1,
   406 419 408 -1,
   419 370 408 -1,
   370 312 408 -1,
   408 312 319 -1,
   312 316 319 -1,
   319 316 317 -1,
   423 371 437 -1,
   371 370 437 -1,
   437 370 438 -1,
   439 437 440 -1,
   437 438 440 -1,
   420 424 419 -1,
   424 439 419 -1,
   419 439 440 -1,
   437 439 423 -1,
   439 424 423 -1,
   419 440 370 -1,
   440 438 370 -1,
   18 20 351 -1,
   18 351 441 -1,
   351 352 441 -1,
   441 352 442 -1,
   352 341 442 -1,
   442 341 443 -1,
   341 340 443 -1,
   443 340 444 -1,
   340 366 444 -1,
   444 366 445 -1,
   366 365 445 -1,
   445 365 446 -1,
   365 364 446 -1,
   446 364 447 -1,
   364 355 447 -1,
   447 355 448 -1,
   421 448 327 -1,
   448 355 327 -1,
   449 450 421 -1,
   448 451 447 -1,
   451 452 447 -1,
   19 18 453 -1,
   449 421 454 -1,
   421 38 454 -1,
   454 38 455 -1,
   456 457 38 -1,
   457 458 38 -1,
   38 458 459 -1,
   450 460 421 -1,
   460 461 421 -1,
   421 461 448 -1,
   461 462 448 -1,
   448 462 451 -1,
   443 463 442 -1,
   463 441 442 -1,
   443 444 463 -1,
   444 445 463 -1,
   463 445 452 -1,
   445 446 452 -1,
   452 446 447 -1,
   464 465 466 -1,
   465 467 466 -1,
   467 468 466 -1,
   466 468 459 -1,
   468 469 459 -1,
   459 469 38 -1,
   469 470 38 -1,
   38 470 455 -1,
   441 463 18 -1,
   463 471 18 -1,
   18 471 464 -1,
   472 473 18 -1,
   473 474 18 -1,
   18 474 453 -1,
   464 466 18 -1,
   466 475 18 -1,
   18 475 472 -1,
   35 476 33 -1,
   476 477 33 -1,
   33 477 31 -1,
   453 478 19 -1,
   478 476 19 -1,
   19 476 37 -1,
   476 35 37 -1,
   479 480 22 -1,
   480 481 22 -1,
   22 481 38 -1,
   481 482 38 -1,
   38 482 456 -1,
   22 25 479 -1,
   25 27 479 -1,
   479 27 477 -1,
   27 29 477 -1,
   477 29 31 -1,
   462 356 451 -1,
   356 354 451 -1,
   451 354 452 -1,
   354 353 452 -1,
   452 353 463 -1,
   353 342 463 -1,
   463 342 471 -1,
   342 350 471 -1,
   471 350 464 -1,
   350 363 464 -1,
   464 363 465 -1,
   363 362 465 -1,
   465 362 467 -1,
   362 361 467 -1,
   467 361 468 -1,
   361 360 468 -1,
   468 360 469 -1,
   360 335 469 -1,
   469 335 470 -1,
   335 336 470 -1,
   470 336 455 -1,
   336 337 455 -1,
   455 337 454 -1,
   337 334 454 -1,
   454 334 449 -1,
   334 333 449 -1,
   449 333 450 -1,
   333 332 450 -1,
   450 332 460 -1,
   332 331 460 -1,
   460 331 461 -1,
   331 357 461 -1,
   461 357 462 -1,
   357 356 462 -1,
   473 343 474 -1,
   343 329 474 -1,
   474 329 453 -1,
   329 328 453 -1,
   453 328 478 -1,
   328 338 478 -1,
   478 338 476 -1,
   338 339 476 -1,
   476 339 477 -1,
   339 330 477 -1,
   477 330 479 -1,
   330 369 479 -1,
   479 369 480 -1,
   369 368 480 -1,
   480 368 481 -1,
   368 367 481 -1,
   481 367 482 -1,
   367 349 482 -1,
   482 349 456 -1,
   349 359 456 -1,
   456 359 457 -1,
   359 358 457 -1,
   457 358 458 -1,
   358 348 458 -1,
   458 348 459 -1,
   348 347 459 -1,
   459 347 466 -1,
   347 346 466 -1,
   466 346 475 -1,
   346 345 475 -1,
   475 345 472 -1,
   345 344 472 -1,
   472 344 473 -1,
   344 343 473 -1,
   428 405 483 -1,
   405 407 483 -1,
   483 407 401 -1,
   484 485 486 -1,
   487 483 488 -1,
   483 401 488 -1,
   488 401 486 -1,
   401 402 486 -1,
   486 402 484 -1,
   484 402 432 -1,
   402 403 432 -1,
   488 486 430 -1,
   486 431 430 -1,
   425 404 489 -1,
   404 395 489 -1,
   489 395 390 -1,
   390 490 491 -1,
   492 489 493 -1,
   489 390 493 -1,
   493 390 494 -1,
   390 491 494 -1,
   490 390 435 -1,
   390 389 435 -1,
   493 494 427 -1,
   494 436 427 -1,
   495 410 409 -1,
   409 496 497 -1,
   498 495 499 -1,
   495 409 499 -1,
   499 409 500 -1,
   409 497 500 -1,
   496 409 501 -1,
   409 414 501 -1,
   502 503 504 -1,
   505 501 506 -1,
   501 414 506 -1,
   506 414 504 -1,
   414 413 504 -1,
   504 413 502 -1,
   502 413 495 -1,
   413 410 495 -1,
   499 500 504 -1,
   500 506 504 -1,
   488 430 429 -1,
   488 429 487 -1,
   429 428 487 -1,
   487 428 483 -1,
   431 486 485 -1,
   431 485 433 -1,
   485 484 433 -1,
   433 484 432 -1,
   493 427 426 -1,
   493 426 492 -1,
   426 425 492 -1,
   492 425 489 -1,
   436 494 491 -1,
   436 491 434 -1,
   491 490 434 -1,
   434 490 435 -1,
   499 504 503 -1,
   499 503 498 -1,
   503 502 498 -1,
   498 502 495 -1,
   506 500 497 -1,
   506 497 505 -1,
   497 496 505 -1,
   505 496 501 -1,
   507 412 411 -1,
   411 508 509 -1,
   510 507 511 -1,
   507 411 511 -1,
   511 411 512 -1,
   411 509 512 -1,
   508 411 513 -1,
   411 415 513 -1,
   513 415 416 -1,
   416 514 515 -1,
   516 513 517 -1,
   513 416 517 -1,
   517 416 518 -1,
   416 515 518 -1,
   514 416 507 -1,
   416 412 507 -1,
   511 512 518 -1,
   512 517 518 -1,
   519 393 394 -1,
   394 16 14 -1,
   520 519 521 -1,
   519 394 521 -1,
   521 394 13 -1,
   394 14 13 -1,
   16 394 17 -1,
   394 399 17 -1,
   522 523 524 -1,
   15 17 12 -1,
   17 399 12 -1,
   12 399 524 -1,
   399 391 524 -1,
   524 391 522 -1,
   522 391 519 -1,
   391 393 519 -1,
   521 13 524 -1,
   13 12 524 -1,
   11 398 397 -1,
   397 4 2 -1,
   9 11 6 -1,
   11 397 6 -1,
   6 397 1 -1,
   397 2 1 -1,
   4 397 5 -1,
   397 396 5 -1,
   10 8 7 -1,
   3 5 0 -1,
   5 396 0 -1,
   0 396 7 -1,
   396 400 7 -1,
   7 400 10 -1,
   10 400 11 -1,
   400 398 11 -1,
   6 1 7 -1,
   1 0 7 -1,
   511 518 515 -1,
   511 515 510 -1,
   515 514 510 -1,
   510 514 507 -1,
   517 512 509 -1,
   517 509 516 -1,
   509 508 516 -1,
   516 508 513 -1,
   521 524 523 -1,
   521 523 520 -1,
   523 522 520 -1,
   520 522 519 -1,
   525 526 527 -1,
   528 529 530 -1,
   529 525 530 -1,
   530 525 531 -1,
   525 527 531 -1,
   529 528 532 -1,
   528 533 532 -1,
   527 526 534 -1,
   526 535 534 -1,
   527 534 536 -1,
   527 536 531 -1,
   536 537 531 -1,
   531 537 530 -1,
   537 533 530 -1,
   530 533 528 -1,
   538 539 540 -1,
   538 540 541 -1,
   540 542 541 -1,
   541 542 543 -1,
   542 544 543 -1,
   543 544 545 -1,
   544 546 545 -1,
   545 546 547 -1,
   546 548 547 -1,
   547 548 549 -1,
   548 550 549 -1,
   549 550 551 -1,
   550 552 551 -1,
   551 552 553 -1,
   552 554 553 -1,
   553 554 555 -1,
   554 556 555 -1,
   555 556 557 -1,
   556 558 557 -1,
   557 558 559 -1,
   539 538 560 -1,
   538 561 560 -1,
   562 563 564 -1,
   563 565 564 -1,
   558 566 559 -1,
   566 567 559 -1,
   567 566 568 -1,
   566 569 568 -1,
   562 564 532 -1,
   564 570 532 -1,
   532 570 529 -1,
   570 568 529 -1,
   529 568 525 -1,
   568 569 525 -1,
   571 572 573 -1,
   574 575 576 -1,
   573 577 571 -1,
   577 574 571 -1,
   571 574 578 -1,
   574 576 578 -1,
   578 576 579 -1,
   576 580 579 -1,
   526 525 569 -1,
   581 582 583 -1,
   584 535 583 -1,
   535 526 583 -1,
   583 526 581 -1,
   526 569 581 -1,
   575 574 582 -1,
   574 583 582 -1,
   584 577 535 -1,
   577 573 535 -1,
   585 586 573 -1,
   586 563 573 -1,
   573 563 535 -1,
   562 532 563 -1,
   532 533 563 -1,
   563 533 537 -1,
   537 536 563 -1,
   536 534 563 -1,
   563 534 535 -1,
   587 588 589 -1,
   590 591 573 -1,
   591 592 573 -1,
   593 594 573 -1,
   594 595 573 -1,
   573 595 596 -1,
   590 573 597 -1,
   573 598 597 -1,
   597 598 599 -1,
   599 600 597 -1,
   600 589 597 -1,
   597 589 601 -1,
   589 588 601 -1,
   592 602 573 -1,
   602 603 573 -1,
   573 603 593 -1,
   589 604 605 -1,
   596 606 573 -1,
   606 607 573 -1,
   573 607 608 -1,
   608 609 573 -1,
   609 610 573 -1,
   573 610 585 -1,
   605 611 589 -1,
   611 612 589 -1,
   589 612 587 -1,
   565 563 586 -1,
   565 586 613 -1,
   586 585 613 -1,
   613 585 614 -1,
   585 610 614 -1,
   614 610 615 -1,
   610 609 615 -1,
   615 609 616 -1,
   609 608 616 -1,
   616 608 617 -1,
   608 607 617 -1,
   617 607 618 -1,
   607 606 618 -1,
   618 606 619 -1,
   606 596 619 -1,
   619 596 620 -1,
   596 595 620 -1,
   620 595 621 -1,
   595 594 621 -1,
   621 594 622 -1,
   594 593 622 -1,
   622 593 623 -1,
   593 603 623 -1,
   623 603 624 -1,
   603 602 624 -1,
   624 602 625 -1,
   602 592 625 -1,
   625 592 626 -1,
   592 591 626 -1,
   626 591 627 -1,
   591 590 627 -1,
   627 590 628 -1,
   590 597 628 -1,
   628 597 629 -1,
   597 601 629 -1,
   629 601 630 -1,
   601 588 630 -1,
   630 588 631 -1,
   588 587 631 -1,
   631 587 632 -1,
   587 612 632 -1,
   632 612 633 -1,
   612 611 633 -1,
   633 611 634 -1,
   611 605 634 -1,
   634 605 635 -1,
   605 604 635 -1,
   635 604 636 -1,
   604 589 636 -1,
   636 589 637 -1,
   589 600 637 -1,
   637 600 638 -1,
   600 599 638 -1,
   638 599 639 -1,
   599 598 639 -1,
   639 598 640 -1,
   598 573 640 -1,
   640 573 572 -1,
   574 577 583 -1,
   577 584 583 -1,
   576 575 581 -1,
   575 582 581 -1,
   569 566 581 -1,
   566 558 581 -1,
   641 642 540 -1,
   642 643 540 -1,
   540 643 644 -1,
   576 581 580 -1,
   581 558 580 -1,
   580 558 645 -1,
   558 556 645 -1,
   645 556 554 -1,
   554 552 645 -1,
   552 550 645 -1,
   645 550 548 -1,
   539 560 540 -1,
   560 646 540 -1,
   646 647 540 -1,
   647 648 540 -1,
   540 648 641 -1,
   644 649 540 -1,
   649 645 540 -1,
   540 645 542 -1,
   548 546 645 -1,
   546 544 645 -1,
   645 544 542 -1,
   571 578 650 -1,
   578 651 650 -1,
   650 651 652 -1,
   651 653 652 -1,
   652 653 654 -1,
   653 655 654 -1,
   654 655 656 -1,
   655 657 656 -1,
   656 657 658 -1,
   657 659 658 -1,
   658 659 660 -1,
   659 661 660 -1,
   660 661 662 -1,
   661 663 662 -1,
   662 663 664 -1,
   663 665 664 -1,
   664 665 666 -1,
   665 667 666 -1,
   666 667 668 -1,
   667 669 668 -1,
   668 669 670 -1,
   669 671 670 -1,
   670 671 672 -1,
   671 673 672 -1,
   672 673 674 -1,
   673 675 674 -1,
   674 675 676 -1,
   675 677 676 -1,
   676 677 678 -1,
   677 679 678 -1,
   678 679 680 -1,
   679 681 680 -1,
   680 681 682 -1,
   681 683 682 -1,
   682 683 684 -1,
   683 685 684 -1,
   684 685 686 -1,
   685 687 686 -1,
   686 687 688 -1,
   687 689 688 -1,
   688 689 690 -1,
   689 691 690 -1,
   690 691 692 -1,
   691 693 692 -1,
   692 693 694 -1,
   693 695 694 -1,
   694 695 696 -1,
   695 697 696 -1,
   696 697 698 -1,
   697 699 698 -1,
   559 567 568 -1,
   579 669 667 -1,
   568 699 559 -1,
   699 697 559 -1,
   559 697 695 -1,
   695 693 559 -1,
   693 691 559 -1,
   559 691 689 -1,
   655 653 579 -1,
   653 651 579 -1,
   579 651 578 -1,
   700 559 579 -1,
   559 671 579 -1,
   579 671 669 -1,
   667 665 579 -1,
   665 663 579 -1,
   579 663 661 -1,
   661 659 579 -1,
   659 657 579 -1,
   579 657 655 -1,
   700 701 559 -1,
   701 702 559 -1,
   559 702 703 -1,
   703 704 559 -1,
   704 705 559 -1,
   559 705 706 -1,
   561 538 707 -1,
   538 541 707 -1,
   707 541 543 -1,
   706 708 559 -1,
   708 707 559 -1,
   559 707 557 -1,
   707 555 557 -1,
   689 687 559 -1,
   687 685 559 -1,
   559 685 683 -1,
   543 545 707 -1,
   545 547 707 -1,
   707 547 549 -1,
   549 551 707 -1,
   551 553 707 -1,
   707 553 555 -1,
   683 681 559 -1,
   681 679 559 -1,
   559 679 677 -1,
   677 675 559 -1,
   675 673 559 -1,
   559 673 671 -1,
   570 564 698 -1,
   564 565 698 -1,
   698 565 696 -1,
   620 621 672 -1,
   571 650 572 -1,
   650 652 572 -1,
   621 622 672 -1,
   622 623 672 -1,
   672 623 624 -1,
   652 654 572 -1,
   654 656 572 -1,
   572 656 658 -1,
   624 625 672 -1,
   625 626 672 -1,
   672 626 627 -1,
   627 628 672 -1,
   628 629 672 -1,
   672 629 630 -1,
   658 660 572 -1,
   660 662 572 -1,
   572 662 664 -1,
   674 676 565 -1,
   676 678 565 -1,
   678 680 565 -1,
   680 682 565 -1,
   565 682 684 -1,
   674 565 672 -1,
   565 613 672 -1,
   672 613 614 -1,
   630 631 672 -1,
   631 632 672 -1,
   672 632 633 -1,
   633 634 672 -1,
   634 635 672 -1,
   672 635 636 -1,
   636 637 672 -1,
   637 638 672 -1,
   672 638 639 -1,
   639 640 672 -1,
   640 572 672 -1,
   672 572 670 -1,
   664 666 572 -1,
   666 668 572 -1,
   572 668 670 -1,
   684 686 565 -1,
   686 688 565 -1,
   565 688 690 -1,
   690 692 565 -1,
   692 694 565 -1,
   565 694 696 -1,
   614 615 672 -1,
   615 616 672 -1,
   672 616 617 -1,
   617 618 672 -1,
   618 619 672 -1,
   672 619 620 -1,
   570 698 568 -1,
   698 699 568 -1,
   579 580 645 -1,
   579 645 700 -1,
   645 649 700 -1,
   700 649 701 -1,
   649 644 701 -1,
   701 644 702 -1,
   644 643 702 -1,
   702 643 703 -1,
   643 642 703 -1,
   703 642 704 -1,
   642 641 704 -1,
   704 641 705 -1,
   641 648 705 -1,
   705 648 706 -1,
   648 647 706 -1,
   706 647 708 -1,
   647 646 708 -1,
   708 646 707 -1,
   646 560 707 -1,
   707 560 561 -1,
   709 710 711 -1,
   710 712 711 -1,
   713 714 711 -1,
   714 715 711 -1,
   711 715 709 -1,
   713 711 716 -1,
   711 717 716 -1,
   716 717 718 -1,
   719 720 721 -1,
   720 722 721 -1,
   721 722 723 -1,
   721 724 725 -1,
   725 726 721 -1,
   726 727 721 -1,
   721 727 719 -1,
   712 728 711 -1,
   728 724 711 -1,
   711 724 717 -1,
   724 721 717 -1,
   717 721 729 -1,
   721 723 729 -1,
   730 731 732 -1,
   731 733 732 -1,
   734 735 732 -1,
   735 736 732 -1,
   732 736 730 -1,
   734 732 737 -1,
   732 738 737 -1,
   737 738 739 -1,
   740 741 742 -1,
   741 743 742 -1,
   742 743 744 -1,
   742 745 746 -1,
   746 747 742 -1,
   747 748 742 -1,
   742 748 740 -1,
   733 749 732 -1,
   749 745 732 -1,
   732 745 738 -1,
   745 742 738 -1,
   738 742 750 -1,
   742 744 750 -1,
   751 752 753 -1,
   752 754 753 -1,
   755 756 753 -1,
   756 757 753 -1,
   753 757 751 -1,
   755 753 758 -1,
   753 759 758 -1,
   758 759 760 -1,
   761 762 763 -1,
   762 764 763 -1,
   763 764 765 -1,
   763 766 767 -1,
   767 768 763 -1,
   768 769 763 -1,
   763 769 761 -1,
   754 770 753 -1,
   770 766 753 -1,
   753 766 759 -1,
   766 763 759 -1,
   759 763 771 -1,
   763 765 771 -1,
   772 773 774 -1,
   773 775 774 -1,
   776 777 774 -1,
   777 778 774 -1,
   774 778 772 -1,
   776 774 779 -1,
   774 780 779 -1,
   779 780 781 -1,
   782 783 784 -1,
   783 785 784 -1,
   784 785 786 -1,
   784 787 788 -1,
   788 789 784 -1,
   789 790 784 -1,
   784 790 782 -1,
   775 791 774 -1,
   791 787 774 -1,
   774 787 780 -1,
   787 784 780 -1,
   780 784 792 -1,
   784 786 792 -1,
   793 794 795 -1,
   794 796 795 -1,
   797 798 795 -1,
   798 799 795 -1,
   795 799 793 -1,
   797 795 800 -1,
   795 801 800 -1,
   800 801 802 -1,
   803 804 805 -1,
   804 806 805 -1,
   805 806 807 -1,
   805 808 809 -1,
   809 810 805 -1,
   810 811 805 -1,
   805 811 803 -1,
   796 812 795 -1,
   812 808 795 -1,
   795 808 801 -1,
   808 805 801 -1,
   801 805 813 -1,
   805 807 813 -1,
   814 815 816 -1,
   815 817 816 -1,
   818 819 816 -1,
   819 820 816 -1,
   816 820 814 -1,
   818 816 821 -1,
   816 822 821 -1,
   821 822 823 -1,
   824 825 826 -1,
   825 827 826 -1,
   826 827 828 -1,
   826 829 830 -1,
   830 831 826 -1,
   831 832 826 -1,
   826 832 824 -1,
   817 833 816 -1,
   833 829 816 -1,
   816 829 822 -1,
   829 826 822 -1,
   822 826 834 -1,
   826 828 834 -1,
   835 836 837 -1,
   836 838 837 -1,
   839 840 837 -1,
   840 841 837 -1,
   837 841 835 -1,
   839 837 842 -1,
   837 843 842 -1,
   842 843 844 -1,
   845 846 847 -1,
   846 848 847 -1,
   847 848 849 -1,
   847 850 851 -1,
   851 852 847 -1,
   852 853 847 -1,
   847 853 845 -1,
   838 854 837 -1,
   854 850 837 -1,
   837 850 843 -1,
   850 847 843 -1,
   843 847 855 -1,
   847 849 855 -1,
   856 857 858 -1,
   857 859 858 -1,
   860 861 858 -1,
   861 862 858 -1,
   858 862 856 -1,
   860 858 863 -1,
   858 864 863 -1,
   863 864 865 -1,
   866 867 868 -1,
   867 869 868 -1,
   868 869 870 -1,
   868 871 872 -1,
   872 873 868 -1,
   873 874 868 -1,
   868 874 866 -1,
   859 875 858 -1,
   875 871 858 -1,
   858 871 864 -1,
   871 868 864 -1,
   864 868 876 -1,
   868 870 876 -1,
   877 878 879 -1,
   878 880 879 -1,
   881 882 879 -1,
   882 883 879 -1,
   879 883 877 -1,
   881 879 884 -1,
   879 885 884 -1,
   884 885 886 -1,
   887 888 889 -1,
   888 890 889 -1,
   889 890 891 -1,
   889 892 893 -1,
   893 894 889 -1,
   894 895 889 -1,
   889 895 887 -1,
   880 896 879 -1,
   896 892 879 -1,
   879 892 885 -1,
   892 889 885 -1,
   885 889 897 -1,
   889 891 897 -1,
   898 899 900 -1,
   899 901 900 -1,
   902 903 900 -1,
   903 904 900 -1,
   900 904 898 -1,
   902 900 905 -1,
   900 906 905 -1,
   905 906 907 -1,
   908 909 910 -1,
   909 911 910 -1,
   910 911 912 -1,
   910 913 914 -1,
   914 915 910 -1,
   915 916 910 -1,
   910 916 908 -1,
   901 917 900 -1,
   917 913 900 -1,
   900 913 906 -1,
   913 910 906 -1,
   906 910 918 -1,
   910 912 918 -1,
   919 920 921 -1,
   920 922 921 -1,
   923 924 921 -1,
   924 925 921 -1,
   921 925 919 -1,
   923 921 926 -1,
   921 927 926 -1,
   926 927 928 -1,
   929 930 931 -1,
   930 932 931 -1,
   931 932 933 -1,
   931 934 935 -1,
   935 936 931 -1,
   936 937 931 -1,
   931 937 929 -1,
   922 938 921 -1,
   938 934 921 -1,
   921 934 927 -1,
   934 931 927 -1,
   927 931 939 -1,
   931 933 939 -1,
   940 941 942 -1,
   941 943 942 -1,
   944 945 942 -1,
   945 946 942 -1,
   942 946 940 -1,
   944 942 947 -1,
   942 948 947 -1,
   947 948 949 -1,
   950 951 952 -1,
   951 953 952 -1,
   952 953 954 -1,
   952 955 956 -1,
   956 957 952 -1,
   957 958 952 -1,
   952 958 950 -1,
   943 959 942 -1,
   959 955 942 -1,
   942 955 948 -1,
   955 952 948 -1,
   948 952 960 -1,
   952 954 960 -1,
   961 962 963 -1,
   962 964 963 -1,
   965 966 963 -1,
   966 967 963 -1,
   963 967 961 -1,
   965 963 968 -1,
   963 969 968 -1,
   968 969 970 -1,
   971 972 973 -1,
   972 974 973 -1,
   973 974 975 -1,
   973 976 977 -1,
   977 978 973 -1,
   978 979 973 -1,
   973 979 971 -1,
   964 980 963 -1,
   980 976 963 -1,
   963 976 969 -1,
   976 973 969 -1,
   969 973 981 -1,
   973 975 981 -1,
   982 983 984 -1,
   983 985 984 -1,
   986 987 984 -1,
   987 988 984 -1,
   984 988 982 -1,
   986 984 989 -1,
   984 990 989 -1,
   989 990 991 -1,
   992 993 994 -1,
   993 995 994 -1,
   994 995 996 -1,
   994 997 998 -1,
   998 999 994 -1,
   999 1000 994 -1,
   994 1000 992 -1,
   985 1001 984 -1,
   1001 997 984 -1,
   984 997 990 -1,
   997 994 990 -1,
   990 994 1002 -1,
   994 996 1002 -1,
   1003 1004 1005 -1,
   1004 1006 1005 -1,
   1007 1008 1005 -1,
   1008 1009 1005 -1,
   1005 1009 1003 -1,
   1007 1005 1010 -1,
   1005 1011 1010 -1,
   1010 1011 1012 -1,
   1013 1014 1015 -1,
   1014 1016 1015 -1,
   1015 1016 1017 -1,
   1015 1018 1019 -1,
   1019 1020 1015 -1,
   1020 1021 1015 -1,
   1015 1021 1013 -1,
   1006 1022 1005 -1,
   1022 1018 1005 -1,
   1005 1018 1011 -1,
   1018 1015 1011 -1,
   1011 1015 1023 -1,
   1015 1017 1023 -1,
   1024 1025 1026 -1,
   1025 1027 1026 -1,
   1028 1029 1026 -1,
   1029 1030 1026 -1,
   1026 1030 1024 -1,
   1028 1026 1031 -1,
   1026 1032 1031 -1,
   1031 1032 1033 -1,
   1034 1035 1036 -1,
   1035 1037 1036 -1,
   1036 1037 1038 -1,
   1036 1039 1040 -1,
   1040 1041 1036 -1,
   1041 1042 1036 -1,
   1036 1042 1034 -1,
   1027 1043 1026 -1,
   1043 1039 1026 -1,
   1026 1039 1032 -1,
   1039 1036 1032 -1,
   1032 1036 1044 -1,
   1036 1038 1044 -1,
   1045 1046 1047 -1,
   1046 1048 1047 -1,
   1049 1050 1047 -1,
   1050 1051 1047 -1,
   1047 1051 1045 -1,
   1049 1047 1052 -1,
   1047 1053 1052 -1,
   1052 1053 1054 -1,
   1055 1056 1057 -1,
   1056 1058 1057 -1,
   1057 1058 1059 -1,
   1057 1060 1061 -1,
   1061 1062 1057 -1,
   1062 1063 1057 -1,
   1057 1063 1055 -1,
   1048 1064 1047 -1,
   1064 1060 1047 -1,
   1047 1060 1053 -1,
   1060 1057 1053 -1,
   1053 1057 1065 -1,
   1057 1059 1065 -1,
   1066 1067 1068 -1,
   1067 1069 1068 -1,
   1070 1071 1068 -1,
   1071 1072 1068 -1,
   1068 1072 1066 -1,
   1070 1068 1073 -1,
   1068 1074 1073 -1,
   1073 1074 1075 -1,
   1076 1077 1078 -1,
   1077 1079 1078 -1,
   1078 1079 1080 -1,
   1078 1081 1082 -1,
   1082 1083 1078 -1,
   1083 1084 1078 -1,
   1078 1084 1076 -1,
   1069 1085 1068 -1,
   1085 1081 1068 -1,
   1068 1081 1074 -1,
   1081 1078 1074 -1,
   1074 1078 1086 -1,
   1078 1080 1086 -1,
   1087 1088 1089 -1,
   1088 1090 1089 -1,
   1091 1092 1089 -1,
   1092 1093 1089 -1,
   1089 1093 1087 -1,
   1091 1089 1094 -1,
   1089 1095 1094 -1,
   1094 1095 1096 -1,
   1097 1098 1099 -1,
   1098 1100 1099 -1,
   1099 1100 1101 -1,
   1099 1102 1103 -1,
   1103 1104 1099 -1,
   1104 1105 1099 -1,
   1099 1105 1097 -1,
   1090 1106 1089 -1,
   1106 1102 1089 -1,
   1089 1102 1095 -1,
   1102 1099 1095 -1,
   1095 1099 1107 -1,
   1099 1101 1107 -1,
   1108 1109 1110 -1,
   1109 1111 1110 -1,
   1112 1113 1110 -1,
   1113 1114 1110 -1,
   1110 1114 1108 -1,
   1112 1110 1115 -1,
   1110 1116 1115 -1,
   1115 1116 1117 -1,
   1118 1119 1120 -1,
   1119 1121 1120 -1,
   1120 1121 1122 -1,
   1120 1123 1124 -1,
   1124 1125 1120 -1,
   1125 1126 1120 -1,
   1120 1126 1118 -1,
   1111 1127 1110 -1,
   1127 1123 1110 -1,
   1110 1123 1116 -1,
   1123 1120 1116 -1,
   1116 1120 1128 -1,
   1120 1122 1128 -1,
   1129 1130 1131 -1,
   1130 1132 1131 -1,
   1133 1134 1131 -1,
   1134 1135 1131 -1,
   1131 1135 1129 -1,
   1133 1131 1136 -1,
   1131 1137 1136 -1,
   1136 1137 1138 -1,
   1139 1140 1141 -1,
   1140 1142 1141 -1,
   1141 1142 1143 -1,
   1141 1144 1145 -1,
   1145 1146 1141 -1,
   1146 1147 1141 -1,
   1141 1147 1139 -1,
   1132 1148 1131 -1,
   1148 1144 1131 -1,
   1131 1144 1137 -1,
   1144 1141 1137 -1,
   1137 1141 1149 -1,
   1141 1143 1149 -1,
   1150 1151 1152 -1,
   1151 1153 1152 -1,
   1154 1155 1152 -1,
   1155 1156 1152 -1,
   1152 1156 1150 -1,
   1154 1152 1157 -1,
   1152 1158 1157 -1,
   1157 1158 1159 -1,
   1160 1161 1162 -1,
   1161 1163 1162 -1,
   1162 1163 1164 -1,
   1162 1165 1166 -1,
   1166 1167 1162 -1,
   1167 1168 1162 -1,
   1162 1168 1160 -1,
   1153 1169 1152 -1,
   1169 1165 1152 -1,
   1152 1165 1158 -1,
   1165 1162 1158 -1,
   1158 1162 1170 -1,
   1162 1164 1170 -1,
   1171 1172 1173 -1,
   1172 1174 1173 -1,
   1175 1176 1173 -1,
   1176 1177 1173 -1,
   1173 1177 1171 -1,
   1175 1173 1178 -1,
   1173 1179 1178 -1,
   1178 1179 1180 -1,
   1181 1182 1183 -1,
   1182 1184 1183 -1,
   1183 1184 1185 -1,
   1183 1186 1187 -1,
   1187 1188 1183 -1,
   1188 1189 1183 -1,
   1183 1189 1181 -1,
   1174 1190 1173 -1,
   1190 1186 1173 -1,
   1173 1186 1179 -1,
   1186 1183 1179 -1,
   1179 1183 1191 -1,
   1183 1185 1191 -1,
   1192 1193 1194 -1,
   1193 1195 1194 -1,
   1196 1197 1194 -1,
   1197 1198 1194 -1,
   1194 1198 1192 -1,
   1196 1194 1199 -1,
   1194 1200 1199 -1,
   1199 1200 1201 -1,
   1202 1203 1204 -1,
   1203 1205 1204 -1,
   1204 1205 1206 -1,
   1204 1207 1208 -1,
   1208 1209 1204 -1,
   1209 1210 1204 -1,
   1204 1210 1202 -1,
   1195 1211 1194 -1,
   1211 1207 1194 -1,
   1194 1207 1200 -1,
   1207 1204 1200 -1,
   1200 1204 1212 -1,
   1204 1206 1212 -1,
   1213 1214 1215 -1,
   1214 1216 1215 -1,
   1217 1218 1215 -1,
   1218 1219 1215 -1,
   1215 1219 1213 -1,
   1217 1215 1220 -1,
   1215 1221 1220 -1,
   1220 1221 1222 -1,
   1223 1224 1225 -1,
   1224 1226 1225 -1,
   1225 1226 1227 -1,
   1225 1228 1229 -1,
   1229 1230 1225 -1,
   1230 1231 1225 -1,
   1225 1231 1223 -1,
   1216 1232 1215 -1,
   1232 1228 1215 -1,
   1215 1228 1221 -1,
   1228 1225 1221 -1,
   1221 1225 1233 -1,
   1225 1227 1233 -1,
   1234 1235 1236 -1,
   1235 1237 1236 -1,
   1238 1239 1236 -1,
   1239 1240 1236 -1,
   1236 1240 1234 -1,
   1238 1236 1241 -1,
   1236 1242 1241 -1,
   1241 1242 1243 -1,
   1244 1245 1246 -1,
   1245 1247 1246 -1,
   1246 1247 1248 -1,
   1246 1249 1250 -1,
   1250 1251 1246 -1,
   1251 1252 1246 -1,
   1246 1252 1244 -1,
   1237 1253 1236 -1,
   1253 1249 1236 -1,
   1236 1249 1242 -1,
   1249 1246 1242 -1,
   1242 1246 1254 -1,
   1246 1248 1254 -1,
   1255 1256 1257 -1,
   1256 1258 1257 -1,
   1259 1260 1257 -1,
   1260 1261 1257 -1,
   1257 1261 1255 -1,
   1259 1257 1262 -1,
   1257 1263 1262 -1,
   1262 1263 1264 -1,
   1265 1266 1267 -1,
   1266 1268 1267 -1,
   1267 1268 1269 -1,
   1267 1270 1271 -1,
   1271 1272 1267 -1,
   1272 1273 1267 -1,
   1267 1273 1265 -1,
   1258 1274 1257 -1,
   1274 1270 1257 -1,
   1257 1270 1263 -1,
   1270 1267 1263 -1,
   1263 1267 1275 -1,
   1267 1269 1275 -1,
   1276 1277 1278 -1,
   1277 1279 1278 -1,
   1280 1281 1278 -1,
   1281 1282 1278 -1,
   1278 1282 1276 -1,
   1280 1278 1283 -1,
   1278 1284 1283 -1,
   1283 1284 1285 -1,
   1286 1287 1288 -1,
   1287 1289 1288 -1,
   1288 1289 1290 -1,
   1288 1291 1292 -1,
   1292 1293 1288 -1,
   1293 1294 1288 -1,
   1288 1294 1286 -1,
   1279 1295 1278 -1,
   1295 1291 1278 -1,
   1278 1291 1284 -1,
   1291 1288 1284 -1,
   1284 1288 1296 -1,
   1288 1290 1296 -1,
   1297 1298 1299 -1,
   1298 1300 1299 -1,
   1301 1302 1299 -1,
   1302 1303 1299 -1,
   1299 1303 1297 -1,
   1301 1299 1304 -1,
   1299 1305 1304 -1,
   1304 1305 1306 -1,
   1307 1308 1309 -1,
   1308 1310 1309 -1,
   1309 1310 1311 -1,
   1309 1312 1313 -1,
   1313 1314 1309 -1,
   1314 1315 1309 -1,
   1309 1315 1307 -1,
   1300 1316 1299 -1,
   1316 1312 1299 -1,
   1299 1312 1305 -1,
   1312 1309 1305 -1,
   1305 1309 1317 -1,
   1309 1311 1317 -1,
   1318 1319 1320 -1,
   1319 1321 1320 -1,
   1322 1323 1320 -1,
   1323 1324 1320 -1,
   1320 1324 1318 -1,
   1322 1320 1325 -1,
   1320 1326 1325 -1,
   1325 1326 1327 -1,
   1328 1329 1330 -1,
   1329 1331 1330 -1,
   1330 1331 1332 -1,
   1330 1333 1334 -1,
   1334 1335 1330 -1,
   1335 1336 1330 -1,
   1330 1336 1328 -1,
   1321 1337 1320 -1,
   1337 1333 1320 -1,
   1320 1333 1326 -1,
   1333 1330 1326 -1,
   1326 1330 1338 -1,
   1330 1332 1338 -1,
   1339 1340 1341 -1,
   1340 1342 1341 -1,
   1343 1344 1341 -1,
   1344 1345 1341 -1,
   1341 1345 1339 -1,
   1343 1341 1346 -1,
   1341 1347 1346 -1,
   1346 1347 1348 -1,
   1349 1350 1351 -1,
   1350 1352 1351 -1,
   1351 1352 1353 -1,
   1351 1354 1355 -1,
   1355 1356 1351 -1,
   1356 1357 1351 -1,
   1351 1357 1349 -1,
   1342 1358 1341 -1,
   1358 1354 1341 -1,
   1341 1354 1347 -1,
   1354 1351 1347 -1,
   1347 1351 1359 -1,
   1351 1353 1359 -1,
   1360 1361 1362 -1,
   1361 1363 1362 -1,
   1364 1365 1362 -1,
   1365 1366 1362 -1,
   1362 1366 1360 -1,
   1364 1362 1367 -1,
   1362 1368 1367 -1,
   1367 1368 1369 -1,
   1370 1371 1372 -1,
   1371 1373 1372 -1,
   1372 1373 1374 -1,
   1372 1375 1376 -1,
   1376 1377 1372 -1,
   1377 1378 1372 -1,
   1372 1378 1370 -1,
   1363 1379 1362 -1,
   1379 1375 1362 -1,
   1362 1375 1368 -1,
   1375 1372 1368 -1,
   1368 1372 1380 -1,
   1372 1374 1380 -1,
   1381 1382 1383 -1,
   1382 1384 1383 -1,
   1385 1386 1383 -1,
   1386 1387 1383 -1,
   1383 1387 1381 -1,
   1385 1383 1388 -1,
   1383 1389 1388 -1,
   1388 1389 1390 -1,
   1391 1392 1393 -1,
   1392 1394 1393 -1,
   1393 1394 1395 -1,
   1393 1396 1397 -1,
   1397 1398 1393 -1,
   1398 1399 1393 -1,
   1393 1399 1391 -1,
   1384 1400 1383 -1,
   1400 1396 1383 -1,
   1383 1396 1389 -1,
   1396 1393 1389 -1,
   1389 1393 1401 -1,
   1393 1395 1401 -1,
   1402 1403 1404 -1,
   1403 1405 1404 -1,
   1406 1407 1404 -1,
   1407 1408 1404 -1,
   1404 1408 1402 -1,
   1406 1404 1409 -1,
   1404 1410 1409 -1,
   1409 1410 1411 -1,
   1412 1413 1414 -1,
   1413 1415 1414 -1,
   1414 1415 1416 -1,
   1414 1417 1418 -1,
   1418 1419 1414 -1,
   1419 1420 1414 -1,
   1414 1420 1412 -1,
   1405 1421 1404 -1,
   1421 1417 1404 -1,
   1404 1417 1410 -1,
   1417 1414 1410 -1,
   1410 1414 1422 -1,
   1414 1416 1422 -1,
   1423 1424 1425 -1,
   1424 1426 1425 -1,
   1427 1428 1425 -1,
   1428 1429 1425 -1,
   1425 1429 1423 -1,
   1427 1425 1430 -1,
   1425 1431 1430 -1,
   1430 1431 1432 -1,
   1433 1434 1435 -1,
   1434 1436 1435 -1,
   1435 1436 1437 -1,
   1435 1438 1439 -1,
   1439 1440 1435 -1,
   1440 1441 1435 -1,
   1435 1441 1433 -1,
   1426 1442 1425 -1,
   1442 1438 1425 -1,
   1425 1438 1431 -1,
   1438 1435 1431 -1,
   1431 1435 1443 -1,
   1435 1437 1443 -1,
   1444 1445 1446 -1,
   1445 1447 1446 -1,
   1448 1449 1446 -1,
   1449 1450 1446 -1,
   1446 1450 1444 -1,
   1448 1446 1451 -1,
   1446 1452 1451 -1,
   1451 1452 1453 -1,
   1454 1455 1456 -1,
   1455 1457 1456 -1,
   1456 1457 1458 -1,
   1456 1459 1460 -1,
   1460 1461 1456 -1,
   1461 1462 1456 -1,
   1456 1462 1454 -1,
   1447 1463 1446 -1,
   1463 1459 1446 -1,
   1446 1459 1452 -1,
   1459 1456 1452 -1,
   1452 1456 1464 -1,
   1456 1458 1464 -1,
   1465 1466 1467 -1,
   1466 1468 1467 -1,
   1469 1470 1467 -1,
   1470 1471 1467 -1,
   1467 1471 1465 -1,
   1469 1467 1472 -1,
   1467 1473 1472 -1,
   1472 1473 1474 -1,
   1475 1476 1477 -1,
   1476 1478 1477 -1,
   1477 1478 1479 -1,
   1477 1480 1481 -1,
   1481 1482 1477 -1,
   1482 1483 1477 -1,
   1477 1483 1475 -1,
   1468 1484 1467 -1,
   1484 1480 1467 -1,
   1467 1480 1473 -1,
   1480 1477 1473 -1,
   1473 1477 1485 -1,
   1477 1479 1485 -1,
   1486 1487 1488 -1,
   1487 1489 1488 -1,
   1490 1491 1488 -1,
   1491 1492 1488 -1,
   1488 1492 1486 -1,
   1490 1488 1493 -1,
   1488 1494 1493 -1,
   1493 1494 1495 -1,
   1496 1497 1498 -1,
   1497 1499 1498 -1,
   1498 1499 1500 -1,
   1498 1501 1502 -1,
   1502 1503 1498 -1,
   1503 1504 1498 -1,
   1498 1504 1496 -1,
   1489 1505 1488 -1,
   1505 1501 1488 -1,
   1488 1501 1494 -1,
   1501 1498 1494 -1,
   1494 1498 1506 -1,
   1498 1500 1506 -1,
   1507 1508 1509 -1,
   1508 1510 1509 -1,
   1511 1512 1509 -1,
   1512 1513 1509 -1,
   1509 1513 1507 -1,
   1511 1509 1514 -1,
   1509 1515 1514 -1,
   1514 1515 1516 -1,
   1517 1518 1519 -1,
   1518 1520 1519 -1,
   1519 1520 1521 -1,
   1519 1522 1523 -1,
   1523 1524 1519 -1,
   1524 1525 1519 -1,
   1519 1525 1517 -1,
   1510 1526 1509 -1,
   1526 1522 1509 -1,
   1509 1522 1515 -1,
   1522 1519 1515 -1,
   1515 1519 1527 -1,
   1519 1521 1527 -1,
   1528 1529 1530 -1,
   1529 1531 1530 -1,
   1532 1533 1530 -1,
   1533 1534 1530 -1,
   1530 1534 1528 -1,
   1532 1530 1535 -1,
   1530 1536 1535 -1,
   1535 1536 1537 -1,
   1538 1539 1540 -1,
   1539 1541 1540 -1,
   1540 1541 1542 -1,
   1540 1543 1544 -1,
   1544 1545 1540 -1,
   1545 1546 1540 -1,
   1540 1546 1538 -1,
   1531 1547 1530 -1,
   1547 1543 1530 -1,
   1530 1543 1536 -1,
   1543 1540 1536 -1,
   1536 1540 1548 -1,
   1540 1542 1548 -1,
   1549 1550 1551 -1,
   1550 1552 1551 -1,
   1553 1554 1551 -1,
   1554 1555 1551 -1,
   1551 1555 1549 -1,
   1553 1551 1556 -1,
   1551 1557 1556 -1,
   1556 1557 1558 -1,
   1559 1560 1561 -1,
   1560 1562 1561 -1,
   1561 1562 1563 -1,
   1561 1564 1565 -1,
   1565 1566 1561 -1,
   1566 1567 1561 -1,
   1561 1567 1559 -1,
   1552 1568 1551 -1,
   1568 1564 1551 -1,
   1551 1564 1557 -1,
   1564 1561 1557 -1,
   1557 1561 1569 -1,
   1561 1563 1569 -1,
   1570 1571 1572 -1,
   1571 1573 1572 -1,
   1574 1575 1572 -1,
   1575 1576 1572 -1,
   1572 1576 1570 -1,
   1574 1572 1577 -1,
   1572 1578 1577 -1,
   1577 1578 1579 -1,
   1580 1581 1582 -1,
   1581 1583 1582 -1,
   1582 1583 1584 -1,
   1582 1585 1586 -1,
   1586 1587 1582 -1,
   1587 1588 1582 -1,
   1582 1588 1580 -1,
   1573 1589 1572 -1,
   1589 1585 1572 -1,
   1572 1585 1578 -1,
   1585 1582 1578 -1,
   1578 1582 1590 -1,
   1582 1584 1590 -1,
   1591 1592 1593 -1,
   1592 1594 1593 -1,
   1595 1596 1593 -1,
   1596 1597 1593 -1,
   1593 1597 1591 -1,
   1595 1593 1598 -1,
   1593 1599 1598 -1,
   1598 1599 1600 -1,
   1601 1602 1603 -1,
   1602 1604 1603 -1,
   1603 1604 1605 -1,
   1603 1606 1607 -1,
   1607 1608 1603 -1,
   1608 1609 1603 -1,
   1603 1609 1601 -1,
   1594 1610 1593 -1,
   1610 1606 1593 -1,
   1593 1606 1599 -1,
   1606 1603 1599 -1,
   1599 1603 1611 -1,
   1603 1605 1611 -1,
   1612 1613 1614 -1,
   1613 1615 1614 -1,
   1616 1617 1614 -1,
   1617 1618 1614 -1,
   1614 1618 1612 -1,
   1616 1614 1619 -1,
   1614 1620 1619 -1,
   1619 1620 1621 -1,
   1622 1623 1624 -1,
   1623 1625 1624 -1,
   1624 1625 1626 -1,
   1624 1627 1628 -1,
   1628 1629 1624 -1,
   1629 1630 1624 -1,
   1624 1630 1622 -1,
   1615 1631 1614 -1,
   1631 1627 1614 -1,
   1614 1627 1620 -1,
   1627 1624 1620 -1,
   1620 1624 1632 -1,
   1624 1626 1632 -1,
   1633 1634 1635 -1,
   1634 1636 1635 -1,
   1637 1638 1635 -1,
   1638 1639 1635 -1,
   1635 1639 1633 -1,
   1637 1635 1640 -1,
   1635 1641 1640 -1,
   1640 1641 1642 -1,
   1643 1644 1645 -1,
   1644 1646 1645 -1,
   1645 1646 1647 -1,
   1645 1648 1649 -1,
   1649 1650 1645 -1,
   1650 1651 1645 -1,
   1645 1651 1643 -1,
   1636 1652 1635 -1,
   1652 1648 1635 -1,
   1635 1648 1641 -1,
   1648 1645 1641 -1,
   1641 1645 1653 -1,
   1645 1647 1653 -1,
   1654 1655 1656 -1,
   1655 1657 1656 -1,
   1658 1659 1656 -1,
   1659 1660 1656 -1,
   1656 1660 1654 -1,
   1658 1656 1661 -1,
   1656 1662 1661 -1,
   1661 1662 1663 -1,
   1664 1665 1666 -1,
   1665 1667 1666 -1,
   1666 1667 1668 -1,
   1666 1669 1670 -1,
   1670 1671 1666 -1,
   1671 1672 1666 -1,
   1666 1672 1664 -1,
   1657 1673 1656 -1,
   1673 1669 1656 -1,
   1656 1669 1662 -1,
   1669 1666 1662 -1,
   1662 1666 1674 -1,
   1666 1668 1674 -1,
   1675 1676 1677 -1,
   1676 1678 1677 -1,
   1679 1680 1677 -1,
   1680 1681 1677 -1,
   1677 1681 1675 -1,
   1679 1677 1682 -1,
   1677 1683 1682 -1,
   1682 1683 1684 -1,
   1685 1686 1687 -1,
   1686 1688 1687 -1,
   1687 1688 1689 -1,
   1687 1690 1691 -1,
   1691 1692 1687 -1,
   1692 1693 1687 -1,
   1687 1693 1685 -1,
   1678 1694 1677 -1,
   1694 1690 1677 -1,
   1677 1690 1683 -1,
   1690 1687 1683 -1,
   1683 1687 1695 -1,
   1687 1689 1695 -1,
   1696 1697 1698 -1,
   1697 1699 1698 -1,
   1700 1701 1698 -1,
   1701 1702 1698 -1,
   1698 1702 1696 -1,
   1700 1698 1703 -1,
   1698 1704 1703 -1,
   1703 1704 1705 -1,
   1706 1707 1708 -1,
   1707 1709 1708 -1,
   1708 1709 1710 -1,
   1708 1711 1712 -1,
   1712 1713 1708 -1,
   1713 1714 1708 -1,
   1708 1714 1706 -1,
   1699 1715 1698 -1,
   1715 1711 1698 -1,
   1698 1711 1704 -1,
   1711 1708 1704 -1,
   1704 1708 1716 -1,
   1708 1710 1716 -1,
   1717 1718 1719 -1,
   1718 1720 1719 -1,
   1721 1722 1719 -1,
   1722 1723 1719 -1,
   1719 1723 1717 -1,
   1721 1719 1724 -1,
   1719 1725 1724 -1,
   1724 1725 1726 -1,
   1727 1728 1729 -1,
   1728 1730 1729 -1,
   1729 1730 1731 -1,
   1729 1732 1733 -1,
   1733 1734 1729 -1,
   1734 1735 1729 -1,
   1729 1735 1727 -1,
   1720 1736 1719 -1,
   1736 1732 1719 -1,
   1719 1732 1725 -1,
   1732 1729 1725 -1,
   1725 1729 1737 -1,
   1729 1731 1737 -1,
   1738 1739 1740 -1,
   1739 1741 1740 -1,
   1742 1743 1740 -1,
   1743 1744 1740 -1,
   1740 1744 1738 -1,
   1742 1740 1745 -1,
   1740 1746 1745 -1,
   1745 1746 1747 -1,
   1748 1749 1750 -1,
   1749 1751 1750 -1,
   1750 1751 1752 -1,
   1750 1753 1754 -1,
   1754 1755 1750 -1,
   1755 1756 1750 -1,
   1750 1756 1748 -1,
   1741 1757 1740 -1,
   1757 1753 1740 -1,
   1740 1753 1746 -1,
   1753 1750 1746 -1,
   1746 1750 1758 -1,
   1750 1752 1758 -1,
   1759 1760 1761 -1,
   1760 1762 1761 -1,
   1763 1764 1761 -1,
   1764 1765 1761 -1,
   1761 1765 1759 -1,
   1763 1761 1766 -1,
   1761 1767 1766 -1,
   1766 1767 1768 -1,
   1769 1770 1771 -1,
   1770 1772 1771 -1,
   1771 1772 1773 -1,
   1771 1774 1775 -1,
   1775 1776 1771 -1,
   1776 1777 1771 -1,
   1771 1777 1769 -1,
   1762 1778 1761 -1,
   1778 1774 1761 -1,
   1761 1774 1767 -1,
   1774 1771 1767 -1,
   1767 1771 1779 -1,
   1771 1773 1779 -1,
   1780 1781 1782 -1,
   1781 1783 1782 -1,
   1784 1785 1782 -1,
   1785 1786 1782 -1,
   1782 1786 1780 -1,
   1784 1782 1787 -1,
   1782 1788 1787 -1,
   1787 1788 1789 -1,
   1790 1791 1792 -1,
   1791 1793 1792 -1,
   1792 1793 1794 -1,
   1792 1795 1796 -1,
   1796 1797 1792 -1,
   1797 1798 1792 -1,
   1792 1798 1790 -1,
   1783 1799 1782 -1,
   1799 1795 1782 -1,
   1782 1795 1788 -1,
   1795 1792 1788 -1,
   1788 1792 1800 -1,
   1792 1794 1800 -1,
   1801 1802 1803 -1,
   1802 1804 1803 -1,
   1805 1806 1803 -1,
   1806 1807 1803 -1,
   1803 1807 1801 -1,
   1805 1803 1808 -1,
   1803 1809 1808 -1,
   1808 1809 1810 -1,
   1811 1812 1813 -1,
   1812 1814 1813 -1,
   1813 1814 1815 -1,
   1813 1816 1817 -1,
   1817 1818 1813 -1,
   1818 1819 1813 -1,
   1813 1819 1811 -1,
   1804 1820 1803 -1,
   1820 1816 1803 -1,
   1803 1816 1809 -1,
   1816 1813 1809 -1,
   1809 1813 1821 -1,
   1813 1815 1821 -1,
   1822 1823 1824 -1,
   1823 1825 1824 -1,
   1826 1827 1824 -1,
   1827 1828 1824 -1,
   1824 1828 1822 -1,
   1826 1824 1829 -1,
   1824 1830 1829 -1,
   1829 1830 1831 -1,
   1832 1833 1834 -1,
   1833 1835 1834 -1,
   1834 1835 1836 -1,
   1834 1837 1838 -1,
   1838 1839 1834 -1,
   1839 1840 1834 -1,
   1834 1840 1832 -1,
   1825 1841 1824 -1,
   1841 1837 1824 -1,
   1824 1837 1830 -1,
   1837 1834 1830 -1,
   1830 1834 1842 -1,
   1834 1836 1842 -1,
   1843 1844 1845 -1,
   1844 1846 1845 -1,
   1847 1848 1845 -1,
   1848 1849 1845 -1,
   1845 1849 1843 -1,
   1847 1845 1850 -1,
   1845 1851 1850 -1,
   1850 1851 1852 -1,
   1853 1854 1855 -1,
   1854 1856 1855 -1,
   1855 1856 1857 -1,
   1855 1858 1859 -1,
   1859 1860 1855 -1,
   1860 1861 1855 -1,
   1855 1861 1853 -1,
   1846 1862 1845 -1,
   1862 1858 1845 -1,
   1845 1858 1851 -1,
   1858 1855 1851 -1,
   1851 1855 1863 -1,
   1855 1857 1863 -1,
   1864 1865 1866 -1,
   1865 1867 1866 -1,
   1868 1869 1866 -1,
   1869 1870 1866 -1,
   1866 1870 1864 -1,
   1868 1866 1871 -1,
   1866 1872 1871 -1,
   1871 1872 1873 -1,
   1874 1875 1876 -1,
   1875 1877 1876 -1,
   1876 1877 1878 -1,
   1876 1879 1880 -1,
   1880 1881 1876 -1,
   1881 1882 1876 -1,
   1876 1882 1874 -1,
   1867 1883 1866 -1,
   1883 1879 1866 -1,
   1866 1879 1872 -1,
   1879 1876 1872 -1,
   1872 1876 1884 -1,
   1876 1878 1884 -1,
   1885 1886 1887 -1,
   1886 1888 1887 -1,
   1889 1890 1887 -1,
   1890 1891 1887 -1,
   1887 1891 1885 -1,
   1889 1887 1892 -1,
   1887 1893 1892 -1,
   1892 1893 1894 -1,
   1895 1896 1897 -1,
   1896 1898 1897 -1,
   1897 1898 1899 -1,
   1897 1900 1901 -1,
   1901 1902 1897 -1,
   1902 1903 1897 -1,
   1897 1903 1895 -1,
   1888 1904 1887 -1,
   1904 1900 1887 -1,
   1887 1900 1893 -1,
   1900 1897 1893 -1,
   1893 1897 1905 -1,
   1897 1899 1905 -1,
   1906 1907 1908 -1,
   1907 1909 1908 -1,
   1910 1911 1908 -1,
   1911 1912 1908 -1,
   1908 1912 1906 -1,
   1910 1908 1913 -1,
   1908 1914 1913 -1,
   1913 1914 1915 -1,
   1916 1917 1918 -1,
   1917 1919 1918 -1,
   1918 1919 1920 -1,
   1918 1921 1922 -1,
   1922 1923 1918 -1,
   1923 1924 1918 -1,
   1918 1924 1916 -1,
   1909 1925 1908 -1,
   1925 1921 1908 -1,
   1908 1921 1914 -1,
   1921 1918 1914 -1,
   1914 1918 1926 -1,
   1918 1920 1926 -1,
   1927 1928 1929 -1,
   1928 1930 1929 -1,
   1931 1932 1929 -1,
   1932 1933 1929 -1,
   1929 1933 1927 -1,
   1931 1929 1934 -1,
   1929 1935 1934 -1,
   1934 1935 1936 -1,
   1937 1938 1939 -1,
   1938 1940 1939 -1,
   1939 1940 1941 -1,
   1939 1942 1943 -1,
   1943 1944 1939 -1,
   1944 1945 1939 -1,
   1939 1945 1937 -1,
   1930 1946 1929 -1,
   1946 1942 1929 -1,
   1929 1942 1935 -1,
   1942 1939 1935 -1,
   1935 1939 1947 -1,
   1939 1941 1947 -1,
   1948 1949 1950 -1,
   1949 1951 1950 -1,
   1952 1953 1950 -1,
   1953 1954 1950 -1,
   1950 1954 1948 -1,
   1952 1950 1955 -1,
   1950 1956 1955 -1,
   1955 1956 1957 -1,
   1958 1959 1960 -1,
   1959 1961 1960 -1,
   1960 1961 1962 -1,
   1960 1963 1964 -1,
   1964 1965 1960 -1,
   1965 1966 1960 -1,
   1960 1966 1958 -1,
   1951 1967 1950 -1,
   1967 1963 1950 -1,
   1950 1963 1956 -1,
   1963 1960 1956 -1,
   1956 1960 1968 -1,
   1960 1962 1968 -1,
   1969 1970 1971 -1,
   1970 1972 1971 -1,
   1973 1974 1975 -1,
   1974 1976 1975 -1,
   1975 1976 1977 -1,
   1976 1978 1977 -1,
   1977 1978 1979 -1,
   1978 1980 1979 -1,
   1979 1980 1981 -1,
   1980 1982 1981 -1,
   1981 1982 1983 -1,
   1982 1984 1983 -1,
   1983 1984 1985 -1,
   1984 1986 1985 -1,
   1985 1986 1987 -1,
   1986 1988 1987 -1,
   1987 1988 1989 -1,
   1988 1990 1989 -1,
   1989 1990 1991 -1,
   1990 1992 1991 -1,
   1991 1992 1993 -1,
   1992 1994 1993 -1,
   1993 1994 1995 -1,
   1994 1996 1995 -1,
   1995 1996 1997 -1,
   1996 1998 1997 -1,
   1997 1998 1999 -1,
   1998 2000 1999 -1,
   1999 2000 1972 -1,
   2000 1971 1972 -1,
   1974 1973 2001 -1,
   1973 2002 2001 -1,
   1972 1970 1999 -1,
   1970 2003 1999 -1,
   1999 2003 1997 -1,
   1997 2003 1995 -1,
   2003 2004 1995 -1,
   1995 2004 1993 -1,
   2004 2005 1993 -1,
   1993 2005 1991 -1,
   2005 2006 1991 -1,
   1991 2006 1989 -1,
   2006 2007 1989 -1,
   1989 2007 1987 -1,
   2007 2008 1987 -1,
   1987 2008 1985 -1,
   2008 2009 1985 -1,
   1985 2009 1983 -1,
   2009 2010 1983 -1,
   1983 2010 1981 -1,
   2010 2011 1981 -1,
   1981 2011 1979 -1,
   2011 2012 1979 -1,
   1979 2012 1977 -1,
   2012 2013 1977 -1,
   1977 2013 1975 -1,
   2013 2002 1975 -1,
   1975 2002 1973 -1,
   2014 2015 2016 -1,
   2015 2017 2016 -1,
   2018 2019 2020 -1,
   2019 2021 2020 -1,
   2020 2021 2022 -1,
   2021 2023 2022 -1,
   2022 2023 2024 -1,
   2023 2025 2024 -1,
   2024 2025 2026 -1,
   2025 2027 2026 -1,
   2026 2027 2028 -1,
   2027 2029 2028 -1,
   2028 2029 2030 -1,
   2029 2031 2030 -1,
   2030 2031 2032 -1,
   2031 2033 2032 -1,
   2032 2033 2034 -1,
   2033 2035 2034 -1,
   2034 2035 2036 -1,
   2035 2037 2036 -1,
   2036 2037 2038 -1,
   2037 2039 2038 -1,
   2038 2039 2040 -1,
   2039 2041 2040 -1,
   2040 2041 2042 -1,
   2041 2043 2042 -1,
   2042 2043 2044 -1,
   2043 2045 2044 -1,
   2044 2045 2017 -1,
   2045 2016 2017 -1,
   2019 2018 2046 -1,
   2018 2047 2046 -1,
   2047 2018 2020 -1,
   2017 2015 2044 -1,
   2015 2048 2044 -1,
   2047 2020 2049 -1,
   2020 2022 2049 -1,
   2049 2022 2050 -1,
   2022 2024 2050 -1,
   2050 2024 2051 -1,
   2024 2026 2051 -1,
   2051 2026 2052 -1,
   2026 2028 2052 -1,
   2052 2028 2053 -1,
   2028 2030 2053 -1,
   2053 2030 2054 -1,
   2030 2032 2054 -1,
   2054 2032 2055 -1,
   2032 2034 2055 -1,
   2055 2034 2056 -1,
   2034 2036 2056 -1,
   2056 2036 2057 -1,
   2036 2038 2057 -1,
   2057 2038 2058 -1,
   2038 2040 2058 -1,
   2058 2040 2048 -1,
   2040 2042 2048 -1,
   2048 2042 2044 -1,
   2059 2060 2061 -1,
   2060 2062 2061 -1,
   2063 2064 2065 -1,
   2064 2066 2065 -1,
   2065 2066 2067 -1,
   2066 2068 2067 -1,
   2067 2068 2069 -1,
   2068 2070 2069 -1,
   2069 2070 2071 -1,
   2070 2072 2071 -1,
   2071 2072 2073 -1,
   2072 2074 2073 -1,
   2073 2074 2075 -1,
   2074 2076 2075 -1,
   2075 2076 2077 -1,
   2076 2078 2077 -1,
   2077 2078 2079 -1,
   2078 2080 2079 -1,
   2079 2080 2081 -1,
   2080 2082 2081 -1,
   2081 2082 2083 -1,
   2082 2084 2083 -1,
   2083 2084 2085 -1,
   2084 2086 2085 -1,
   2085 2086 2087 -1,
   2086 2088 2087 -1,
   2087 2088 2089 -1,
   2088 2090 2089 -1,
   2089 2090 2062 -1,
   2090 2061 2062 -1,
   2064 2063 2091 -1,
   2063 2092 2091 -1,
   2092 2063 2065 -1,
   2062 2060 2089 -1,
   2060 2093 2089 -1,
   2092 2065 2094 -1,
   2065 2067 2094 -1,
   2094 2067 2095 -1,
   2067 2069 2095 -1,
   2095 2069 2096 -1,
   2069 2071 2096 -1,
   2096 2071 2097 -1,
   2071 2073 2097 -1,
   2097 2073 2098 -1,
   2073 2075 2098 -1,
   2098 2075 2099 -1,
   2075 2077 2099 -1,
   2099 2077 2100 -1,
   2077 2079 2100 -1,
   2100 2079 2101 -1,
   2079 2081 2101 -1,
   2101 2081 2102 -1,
   2081 2083 2102 -1,
   2102 2083 2103 -1,
   2083 2085 2103 -1,
   2103 2085 2093 -1,
   2085 2087 2093 -1,
   2093 2087 2089 -1,
   2104 2105 2106 -1,
   2105 2107 2106 -1,
   2108 2109 2110 -1,
   2109 2111 2110 -1,
   2110 2111 2112 -1,
   2111 2113 2112 -1,
   2112 2113 2114 -1,
   2113 2115 2114 -1,
   2114 2115 2116 -1,
   2115 2117 2116 -1,
   2116 2117 2118 -1,
   2117 2119 2118 -1,
   2118 2119 2120 -1,
   2119 2121 2120 -1,
   2120 2121 2122 -1,
   2121 2123 2122 -1,
   2122 2123 2124 -1,
   2123 2125 2124 -1,
   2124 2125 2126 -1,
   2125 2127 2126 -1,
   2126 2127 2128 -1,
   2127 2129 2128 -1,
   2128 2129 2130 -1,
   2129 2131 2130 -1,
   2130 2131 2132 -1,
   2131 2133 2132 -1,
   2132 2133 2134 -1,
   2133 2135 2134 -1,
   2134 2135 2107 -1,
   2135 2106 2107 -1,
   2109 2108 2136 -1,
   2108 2137 2136 -1,
   2107 2105 2134 -1,
   2105 2138 2134 -1,
   2134 2138 2132 -1,
   2132 2138 2130 -1,
   2138 2139 2130 -1,
   2130 2139 2128 -1,
   2139 2140 2128 -1,
   2128 2140 2126 -1,
   2140 2141 2126 -1,
   2126 2141 2124 -1,
   2141 2142 2124 -1,
   2124 2142 2122 -1,
   2142 2143 2122 -1,
   2122 2143 2120 -1,
   2143 2144 2120 -1,
   2120 2144 2118 -1,
   2144 2145 2118 -1,
   2118 2145 2116 -1,
   2145 2146 2116 -1,
   2116 2146 2114 -1,
   2146 2147 2114 -1,
   2114 2147 2112 -1,
   2147 2148 2112 -1,
   2112 2148 2110 -1,
   2148 2137 2110 -1,
   2110 2137 2108 -1,
   2149 2150 2151 -1,
   2150 2152 2151 -1,
   2151 2152 2153 -1,
   2152 2154 2153 -1,
   2153 2154 2155 -1,
   2154 2156 2155 -1,
   2155 2156 2157 -1,
   2156 2158 2157 -1,
   2157 2158 2159 -1,
   2158 2160 2159 -1,
   2159 2160 2161 -1,
   2160 2162 2161 -1,
   2161 2162 2163 -1,
   2162 2164 2163 -1,
   2163 2164 2165 -1,
   2164 2166 2165 -1,
   2165 2166 2167 -1,
   2166 2168 2167 -1,
   2167 2168 2169 -1,
   2168 2170 2169 -1,
   2169 2170 2171 -1,
   2170 2172 2171 -1,
   2171 2172 2173 -1,
   2172 2174 2173 -1,
   2173 2174 2175 -1,
   2174 2176 2175 -1,
   2175 2176 2177 -1,
   2176 2178 2177 -1,
   2177 2178 2179 -1,
   2178 2180 2179 -1,
   2179 2180 2181 -1,
   2180 2182 2181 -1,
   2181 2182 2183 -1,
   2182 2184 2183 -1,
   2183 2184 2185 -1,
   2184 2186 2185 -1,
   2185 2186 2187 -1,
   2186 2188 2187 -1,
   2187 2188 2189 -1,
   2188 2190 2189 -1,
   2189 2190 2191 -1,
   2190 2192 2191 -1,
   2191 2192 2193 -1,
   2192 2194 2193 -1,
   2193 2194 2195 -1,
   2194 2196 2195 -1,
   2195 2196 2197 -1,
   2196 2198 2197 -1,
   2197 2198 2199 -1,
   2198 2200 2199 -1,
   2199 2200 2201 -1,
   2200 2202 2201 -1,
   2201 2202 2203 -1,
   2202 2204 2203 -1,
   2203 2204 2205 -1,
   2204 2206 2205 -1,
   2205 2206 2207 -1,
   2206 2208 2207 -1,
   2207 2208 2209 -1,
   2208 2210 2209 -1,
   2209 2210 2211 -1,
   2210 2212 2211 -1,
   2211 2212 2213 -1,
   2212 2214 2213 -1,
   2213 2214 2215 -1,
   2214 2216 2215 -1,
   2215 2216 2217 -1,
   2216 2218 2217 -1,
   2217 2218 2219 -1,
   2218 2220 2219 -1,
   2219 2220 2221 -1,
   2220 2222 2221 -1,
   2221 2222 2223 -1,
   2222 2224 2223 -1,
   2223 2224 2225 -1,
   2224 2226 2225 -1,
   2225 2226 2227 -1,
   2226 2228 2227 -1,
   2227 2228 2229 -1,
   2228 2230 2229 -1,
   2229 2230 2231 -1,
   2230 2232 2231 -1,
   2231 2232 2233 -1,
   2232 2234 2233 -1,
   2233 2234 2235 -1,
   2234 2236 2235 -1,
   2235 2236 2237 -1,
   2236 2238 2237 -1,
   2237 2238 2239 -1,
   2238 2240 2239 -1,
   2239 2240 2241 -1,
   2240 2242 2241 -1,
   2241 2242 2243 -1,
   2242 2244 2243 -1,
   2243 2244 2245 -1,
   2244 2246 2245 -1,
   2245 2246 2247 -1,
   2246 2248 2247 -1,
   2247 2248 2249 -1,
   2248 2250 2249 -1,
   2249 2250 2251 -1,
   2250 2252 2251 -1,
   2251 2252 2253 -1,
   2252 2254 2253 -1,
   2253 2254 2255 -1,
   2254 2256 2255 -1,
   2255 2256 2257 -1,
   2256 2258 2257 -1,
   2257 2258 2259 -1,
   2258 2260 2259 -1,
   2259 2260 2261 -1,
   2260 2262 2261 -1,
   2261 2262 2263 -1,
   2262 2264 2263 -1,
   2263 2264 2149 -1,
   2264 2150 2149 -1,
   2265 2266 2267 -1,
   2266 2268 2267 -1,
   2267 2268 2269 -1,
   2268 2270 2269 -1,
   2269 2270 2271 -1,
   2270 2272 2271 -1,
   2271 2272 2273 -1,
   2272 2274 2273 -1,
   2273 2274 2275 -1,
   2274 2276 2275 -1,
   2275 2276 2277 -1,
   2276 2278 2277 -1,
   2277 2278 2279 -1,
   2278 2280 2279 -1,
   2279 2280 2281 -1,
   2280 2282 2281 -1,
   2281 2282 2283 -1,
   2282 2284 2283 -1,
   2283 2284 2285 -1,
   2284 2286 2285 -1,
   2285 2286 2287 -1,
   2286 2288 2287 -1,
   2287 2288 2289 -1,
   2288 2290 2289 -1,
   2289 2290 2291 -1,
   2290 2292 2291 -1,
   2291 2292 2293 -1,
   2292 2294 2293 -1,
   2293 2294 2295 -1,
   2294 2296 2295 -1,
   2295 2296 2297 -1,
   2296 2298 2297 -1,
   2297 2298 2299 -1,
   2298 2300 2299 -1,
   2299 2300 2301 -1,
   2300 2302 2301 -1,
   2301 2302 2303 -1,
   2302 2304 2303 -1,
   2303 2304 2305 -1,
   2304 2306 2305 -1,
   2305 2306 2307 -1,
   2306 2308 2307 -1,
   2307 2308 2309 -1,
   2308 2310 2309 -1,
   2309 2310 2311 -1,
   2310 2312 2311 -1,
   2311 2312 2313 -1,
   2312 2314 2313 -1,
   2313 2314 2315 -1,
   2314 2316 2315 -1,
   2315 2316 2317 -1,
   2316 2318 2317 -1,
   2317 2318 2319 -1,
   2318 2320 2319 -1,
   2319 2320 2321 -1,
   2320 2322 2321 -1,
   2321 2322 2323 -1,
   2322 2324 2323 -1,
   2323 2324 2325 -1,
   2324 2326 2325 -1,
   2325 2326 2327 -1,
   2326 2328 2327 -1,
   2327 2328 2329 -1,
   2328 2330 2329 -1,
   2329 2330 2331 -1,
   2330 2332 2331 -1,
   2331 2332 2333 -1,
   2332 2334 2333 -1,
   2333 2334 2335 -1,
   2334 2336 2335 -1,
   2335 2336 2337 -1,
   2336 2338 2337 -1,
   2337 2338 2339 -1,
   2338 2340 2339 -1,
   2339 2340 2341 -1,
   2340 2342 2341 -1,
   2341 2342 2343 -1,
   2342 2344 2343 -1,
   2343 2344 2345 -1,
   2344 2346 2345 -1,
   2345 2346 2347 -1,
   2346 2348 2347 -1,
   2347 2348 2349 -1,
   2348 2350 2349 -1,
   2349 2350 2351 -1,
   2350 2352 2351 -1,
   2351 2352 2353 -1,
   2352 2354 2353 -1,
   2353 2354 2355 -1,
   2354 2356 2355 -1,
   2355 2356 2357 -1,
   2356 2358 2357 -1,
   2357 2358 2359 -1,
   2358 2360 2359 -1,
   2359 2360 2361 -1,
   2360 2362 2361 -1,
   2361 2362 2363 -1,
   2362 2364 2363 -1,
   2363 2364 2365 -1,
   2364 2366 2365 -1,
   2365 2366 2367 -1,
   2366 2368 2367 -1,
   2367 2368 2369 -1,
   2368 2370 2369 -1,
   2369 2370 2371 -1,
   2370 2372 2371 -1,
   2371 2372 2373 -1,
   2372 2374 2373 -1,
   2373 2374 2375 -1,
   2374 2376 2375 -1,
   2375 2376 2377 -1,
   2376 2378 2377 -1,
   2377 2378 2379 -1,
   2378 2380 2379 -1,
   2379 2380 2265 -1,
   2380 2266 2265 -1,
   2381 2382 2383 -1,
   2381 2383 2384 -1,
   2385 2386 2383 -1,
   2386 2387 2383 -1,
   2383 2387 2384 -1,
   2388 2389 2383 -1,
   2389 2390 2383 -1,
   2383 2390 2385 -1,
   2391 2392 2383 -1,
   2392 2393 2383 -1,
   2383 2393 2388 -1,
   2394 2395 2383 -1,
   2395 2396 2383 -1,
   2383 2396 2391 -1,
   2397 2398 2383 -1,
   2398 2399 2383 -1,
   2383 2399 2394 -1,
   2400 2401 2383 -1,
   2401 2402 2383 -1,
   2383 2402 2397 -1,
   2403 2404 2383 -1,
   2404 2405 2383 -1,
   2383 2405 2400 -1,
   2406 2407 2383 -1,
   2407 2408 2383 -1,
   2383 2408 2403 -1,
   2409 2410 2383 -1,
   2410 2411 2383 -1,
   2383 2411 2406 -1,
   2412 2413 2383 -1,
   2413 2414 2383 -1,
   2383 2414 2409 -1,
   2415 2416 2383 -1,
   2416 2417 2383 -1,
   2383 2417 2412 -1,
   2418 2419 2383 -1,
   2419 2420 2383 -1,
   2383 2420 2415 -1,
   2421 2422 2383 -1,
   2422 2423 2383 -1,
   2383 2423 2418 -1,
   2424 2425 2383 -1,
   2425 2426 2383 -1,
   2383 2426 2421 -1,
   2427 2428 2383 -1,
   2428 2429 2383 -1,
   2383 2429 2424 -1,
   2430 2431 2383 -1,
   2431 2432 2383 -1,
   2383 2432 2427 -1,
   2433 2434 2383 -1,
   2434 2435 2383 -1,
   2383 2435 2430 -1,
   2436 2437 2383 -1,
   2437 2438 2383 -1,
   2383 2438 2433 -1,
   2382 2439 2383 -1,
   2439 2440 2383 -1,
   2383 2440 2436 -1,
   2387 2441 2442 -1,
   2138 2105 2104 -1,
   2443 2136 2410 -1,
   2410 2409 2443 -1,
   2409 2414 2443 -1,
   2443 2414 2444 -1,
   2414 2413 2444 -1,
   2444 2413 2445 -1,
   2413 2412 2445 -1,
   2445 2412 2446 -1,
   2093 2060 2059 -1,
   2447 2091 2425 -1,
   2425 2424 2447 -1,
   2424 2429 2447 -1,
   2447 2429 2448 -1,
   2429 2428 2448 -1,
   2448 2428 2449 -1,
   2048 2015 2014 -1,
   2450 2046 2440 -1,
   2440 2439 2450 -1,
   2439 2382 2450 -1,
   2450 2382 2451 -1,
   2382 2381 2451 -1,
   2451 2381 2442 -1,
   2381 2384 2442 -1,
   2442 2384 2387 -1,
   2003 1970 1969 -1,
   2452 2001 2394 -1,
   2394 2399 2452 -1,
   2399 2398 2452 -1,
   2452 2398 2453 -1,
   2398 2397 2453 -1,
   2453 2397 2454 -1,
   2446 2412 2059 -1,
   2412 2417 2059 -1,
   2059 2417 2093 -1,
   2417 2416 2093 -1,
   2093 2416 2103 -1,
   2416 2415 2103 -1,
   2103 2415 2102 -1,
   2415 2420 2102 -1,
   2102 2420 2101 -1,
   2420 2419 2101 -1,
   2101 2419 2100 -1,
   2419 2418 2100 -1,
   2100 2418 2099 -1,
   2418 2423 2099 -1,
   2099 2423 2098 -1,
   2423 2422 2098 -1,
   2098 2422 2097 -1,
   2422 2421 2097 -1,
   2097 2421 2096 -1,
   2421 2426 2096 -1,
   2096 2426 2095 -1,
   2426 2425 2095 -1,
   2095 2425 2094 -1,
   2425 2091 2094 -1,
   2094 2091 2092 -1,
   2454 2397 2104 -1,
   2397 2402 2104 -1,
   2104 2402 2138 -1,
   2402 2401 2138 -1,
   2138 2401 2139 -1,
   2401 2400 2139 -1,
   2139 2400 2140 -1,
   2400 2405 2140 -1,
   2140 2405 2141 -1,
   2405 2404 2141 -1,
   2141 2404 2142 -1,
   2404 2403 2142 -1,
   2142 2403 2143 -1,
   2403 2408 2143 -1,
   2143 2408 2144 -1,
   2408 2407 2144 -1,
   2144 2407 2145 -1,
   2407 2406 2145 -1,
   2145 2406 2146 -1,
   2406 2411 2146 -1,
   2146 2411 2147 -1,
   2411 2410 2147 -1,
   2147 2410 2148 -1,
   2410 2136 2148 -1,
   2148 2136 2137 -1,
   2441 2387 1969 -1,
   2387 2386 1969 -1,
   1969 2386 2003 -1,
   2386 2385 2003 -1,
   2003 2385 2004 -1,
   2385 2390 2004 -1,
   2004 2390 2005 -1,
   2390 2389 2005 -1,
   2005 2389 2006 -1,
   2389 2388 2006 -1,
   2006 2388 2007 -1,
   2388 2393 2007 -1,
   2007 2393 2008 -1,
   2393 2392 2008 -1,
   2008 2392 2009 -1,
   2392 2391 2009 -1,
   2009 2391 2010 -1,
   2391 2396 2010 -1,
   2010 2396 2011 -1,
   2396 2395 2011 -1,
   2011 2395 2012 -1,
   2395 2394 2012 -1,
   2012 2394 2013 -1,
   2394 2001 2013 -1,
   2013 2001 2002 -1,
   2449 2428 2014 -1,
   2428 2427 2014 -1,
   2014 2427 2048 -1,
   2427 2432 2048 -1,
   2048 2432 2058 -1,
   2432 2431 2058 -1,
   2058 2431 2057 -1,
   2431 2430 2057 -1,
   2057 2430 2056 -1,
   2430 2435 2056 -1,
   2056 2435 2055 -1,
   2435 2434 2055 -1,
   2055 2434 2054 -1,
   2434 2433 2054 -1,
   2054 2433 2053 -1,
   2433 2438 2053 -1,
   2053 2438 2052 -1,
   2438 2437 2052 -1,
   2052 2437 2051 -1,
   2437 2436 2051 -1,
   2051 2436 2050 -1,
   2436 2440 2050 -1,
   2050 2440 2049 -1,
   2440 2046 2049 -1,
   2049 2046 2047 -1,
   2455 2456 2457 -1,
   2456 2458 2457 -1,
   2457 2458 2459 -1,
   2458 2460 2459 -1,
   2459 2460 2461 -1,
   2460 2462 2461 -1,
   2461 2462 2463 -1,
   2462 2464 2463 -1,
   2463 2464 2465 -1,
   2464 2466 2465 -1,
   2465 2466 2467 -1,
   2466 2468 2467 -1,
   2467 2468 2469 -1,
   2468 2470 2469 -1,
   2469 2470 2471 -1,
   2470 2472 2471 -1,
   2471 2472 2473 -1,
   2472 2474 2473 -1,
   2473 2474 2475 -1,
   2474 2476 2475 -1,
   2475 2476 2477 -1,
   2476 2478 2477 -1,
   2477 2478 2479 -1,
   2478 2480 2479 -1,
   2479 2480 2481 -1,
   2480 2482 2481 -1,
   2481 2482 2483 -1,
   2482 2484 2483 -1,
   2483 2484 2485 -1,
   2484 2486 2485 -1,
   2485 2486 2487 -1,
   2486 2488 2487 -1,
   2487 2488 2489 -1,
   2488 2490 2489 -1,
   2489 2490 2491 -1,
   2490 2492 2491 -1,
   2491 2492 2493 -1,
   2492 2494 2493 -1,
   2493 2494 2495 -1,
   2494 2496 2495 -1,
   2495 2496 2497 -1,
   2496 2498 2497 -1,
   2497 2498 2499 -1,
   2498 2500 2499 -1,
   2499 2500 2501 -1,
   2500 2502 2501 -1,
   2501 2502 2503 -1,
   2502 2504 2503 -1,
   2503 2504 2505 -1,
   2504 2506 2505 -1,
   2505 2506 2507 -1,
   2506 2508 2507 -1,
   2507 2508 2509 -1,
   2508 2510 2509 -1,
   2509 2510 2511 -1,
   2510 2512 2511 -1,
   2511 2512 2513 -1,
   2512 2514 2513 -1,
   2513 2514 2515 -1,
   2514 2516 2515 -1,
   2515 2516 2517 -1,
   2516 2518 2517 -1,
   2517 2518 2519 -1,
   2518 2520 2519 -1,
   2519 2520 2521 -1,
   2520 2522 2521 -1,
   2521 2522 2523 -1,
   2522 2524 2523 -1,
   2523 2524 2525 -1,
   2524 2526 2525 -1,
   2525 2526 2527 -1,
   2526 2528 2527 -1,
   2527 2528 2529 -1,
   2528 2530 2529 -1,
   2529 2530 2531 -1,
   2530 2532 2531 -1,
   2531 2532 2533 -1,
   2532 2534 2533 -1,
   2533 2534 2535 -1,
   2534 2536 2535 -1,
   2535 2536 2537 -1,
   2536 2538 2537 -1,
   2537 2538 2539 -1,
   2538 2540 2539 -1,
   2539 2540 2541 -1,
   2540 2542 2541 -1,
   2541 2542 2543 -1,
   2542 2544 2543 -1,
   2543 2544 2545 -1,
   2544 2546 2545 -1,
   2545 2546 2547 -1,
   2546 2548 2547 -1,
   2547 2548 2549 -1,
   2548 2550 2549 -1,
   2549 2550 2551 -1,
   2550 2552 2551 -1,
   2551 2552 2553 -1,
   2552 2554 2553 -1,
   2553 2554 2555 -1,
   2554 2556 2555 -1,
   2555 2556 2557 -1,
   2556 2558 2557 -1,
   2557 2558 2559 -1,
   2558 2560 2559 -1,
   2559 2560 2561 -1,
   2560 2562 2561 -1,
   2561 2562 2563 -1,
   2562 2564 2563 -1,
   2563 2564 2565 -1,
   2564 2566 2565 -1,
   2565 2566 2567 -1,
   2566 2568 2567 -1,
   2567 2568 2569 -1,
   2568 2570 2569 -1,
   2569 2570 2571 -1,
   2570 2455 2571 -1,
   2571 2455 2457 -1,
   2543 2545 2572 -1,
   2537 2539 2572 -1,
   2539 2541 2572 -1,
   2572 2541 2543 -1,
   2531 2533 2572 -1,
   2533 2535 2572 -1,
   2572 2535 2537 -1,
   2525 2527 2572 -1,
   2527 2529 2572 -1,
   2572 2529 2531 -1,
   2519 2521 2572 -1,
   2521 2523 2572 -1,
   2572 2523 2525 -1,
   2513 2515 2572 -1,
   2515 2517 2572 -1,
   2572 2517 2519 -1,
   2507 2509 2572 -1,
   2509 2511 2572 -1,
   2572 2511 2513 -1,
   2501 2503 2572 -1,
   2503 2505 2572 -1,
   2572 2505 2507 -1,
   2495 2497 2572 -1,
   2497 2499 2572 -1,
   2572 2499 2501 -1,
   2489 2491 2572 -1,
   2491 2493 2572 -1,
   2572 2493 2495 -1,
   2483 2485 2572 -1,
   2485 2487 2572 -1,
   2572 2487 2489 -1,
   2477 2479 2572 -1,
   2479 2481 2572 -1,
   2572 2481 2483 -1,
   2471 2473 2572 -1,
   2473 2475 2572 -1,
   2572 2475 2477 -1,
   2465 2467 2572 -1,
   2467 2469 2572 -1,
   2572 2469 2471 -1,
   2459 2461 2572 -1,
   2461 2463 2572 -1,
   2572 2463 2465 -1,
   2569 2571 2572 -1,
   2571 2457 2572 -1,
   2572 2457 2459 -1,
   2563 2565 2572 -1,
   2565 2567 2572 -1,
   2572 2567 2569 -1,
   2557 2559 2572 -1,
   2559 2561 2572 -1,
   2572 2561 2563 -1,
   2551 2553 2572 -1,
   2553 2555 2572 -1,
   2572 2555 2557 -1,
   2545 2547 2572 -1,
   2547 2549 2572 -1,
   2572 2549 2551 -1,
   2550 2548 2230 -1,
   2230 2548 2232 -1,
   2548 2546 2232 -1,
   2232 2546 2234 -1,
   2546 2544 2234 -1,
   2234 2544 2236 -1,
   2544 2542 2236 -1,
   2236 2542 2238 -1,
   2542 2540 2238 -1,
   2238 2540 2240 -1,
   2540 2538 2240 -1,
   2240 2538 2242 -1,
   2538 2536 2242 -1,
   2242 2536 2244 -1,
   2536 2534 2244 -1,
   2244 2534 2246 -1,
   2534 2532 2246 -1,
   2246 2532 2248 -1,
   2532 2530 2248 -1,
   2248 2530 2250 -1,
   2530 2528 2250 -1,
   2250 2528 2252 -1,
   2528 2526 2252 -1,
   2252 2526 2254 -1,
   2526 2524 2254 -1,
   2254 2524 2256 -1,
   2524 2522 2256 -1,
   2256 2522 2258 -1,
   2522 2520 2258 -1,
   2258 2520 2260 -1,
   2520 2518 2260 -1,
   2260 2518 2262 -1,
   2518 2516 2262 -1,
   2262 2516 2264 -1,
   2516 2514 2264 -1,
   2264 2514 2150 -1,
   2514 2512 2150 -1,
   2150 2512 2152 -1,
   2512 2510 2152 -1,
   2152 2510 2154 -1,
   2510 2508 2154 -1,
   2154 2508 2156 -1,
   2508 2506 2156 -1,
   2156 2506 2158 -1,
   2506 2504 2158 -1,
   2158 2504 2160 -1,
   2504 2502 2160 -1,
   2160 2502 2162 -1,
   2502 2500 2162 -1,
   2162 2500 2164 -1,
   2500 2498 2164 -1,
   2164 2498 2166 -1,
   2230 2228 2550 -1,
   2228 2226 2550 -1,
   2550 2226 2552 -1,
   2226 2224 2552 -1,
   2552 2224 2554 -1,
   2224 2222 2554 -1,
   2554 2222 2556 -1,
   2222 2220 2556 -1,
   2556 2220 2558 -1,
   2220 2218 2558 -1,
   2558 2218 2560 -1,
   2218 2216 2560 -1,
   2560 2216 2562 -1,
   2216 2214 2562 -1,
   2562 2214 2564 -1,
   2214 2212 2564 -1,
   2564 2212 2566 -1,
   2212 2210 2566 -1,
   2566 2210 2568 -1,
   2210 2208 2568 -1,
   2498 2496 2166 -1,
   2496 2494 2166 -1,
   2166 2494 2168 -1,
   2494 2492 2168 -1,
   2168 2492 2170 -1,
   2492 2490 2170 -1,
   2170 2490 2172 -1,
   2490 2488 2172 -1,
   2172 2488 2174 -1,
   2488 2486 2174 -1,
   2174 2486 2176 -1,
   2486 2484 2176 -1,
   2176 2484 2178 -1,
   2484 2482 2178 -1,
   2178 2482 2180 -1,
   2482 2480 2180 -1,
   2180 2480 2182 -1,
   2480 2478 2182 -1,
   2182 2478 2184 -1,
   2478 2476 2184 -1,
   2184 2476 2186 -1,
   2476 2474 2186 -1,
   2186 2474 2188 -1,
   2474 2472 2188 -1,
   2188 2472 2190 -1,
   2472 2470 2190 -1,
   2190 2470 2192 -1,
   2470 2468 2192 -1,
   2192 2468 2194 -1,
   2468 2466 2194 -1,
   2194 2466 2196 -1,
   2466 2464 2196 -1,
   2196 2464 2198 -1,
   2464 2462 2198 -1,
   2198 2462 2200 -1,
   2462 2460 2200 -1,
   2200 2460 2202 -1,
   2460 2458 2202 -1,
   2202 2458 2204 -1,
   2458 2456 2204 -1,
   2204 2456 2206 -1,
   2456 2455 2206 -1,
   2206 2455 2208 -1,
   2455 2570 2208 -1,
   2208 2570 2568 -1,
   2454 2104 2106 -1,
   2449 2014 2016 -1,
   2019 2046 2450 -1,
   2454 2106 2453 -1,
   2109 2136 2443 -1,
   2449 2016 2448 -1,
   2450 2451 2019 -1,
   2451 2442 2019 -1,
   2019 2442 1971 -1,
   2442 2441 1971 -1,
   1971 2441 1969 -1,
   2443 2444 2109 -1,
   2444 2445 2109 -1,
   2109 2445 2061 -1,
   2445 2446 2061 -1,
   2061 2446 2059 -1,
   2001 2452 1974 -1,
   2452 2322 1974 -1,
   1974 2322 1976 -1,
   2322 2320 1976 -1,
   1976 2320 1978 -1,
   2320 2318 1978 -1,
   1978 2318 1980 -1,
   2318 2316 1980 -1,
   1980 2316 1982 -1,
   2316 2314 1982 -1,
   1982 2314 1984 -1,
   2314 2312 1984 -1,
   1984 2312 1986 -1,
   2312 2310 1986 -1,
   1986 2310 1988 -1,
   2310 2308 1988 -1,
   1988 2308 1990 -1,
   2308 2306 1990 -1,
   1990 2306 1992 -1,
   2306 2304 1992 -1,
   1992 2304 1994 -1,
   2304 2302 1994 -1,
   1994 2302 1996 -1,
   2302 2300 1996 -1,
   1996 2300 1998 -1,
   2300 2298 1998 -1,
   1998 2298 2000 -1,
   2298 2296 2000 -1,
   2000 2296 1971 -1,
   2296 2294 1971 -1,
   1971 2294 2019 -1,
   2294 2292 2019 -1,
   2019 2292 2021 -1,
   2292 2290 2021 -1,
   2021 2290 2023 -1,
   2290 2288 2023 -1,
   2023 2288 2025 -1,
   2288 2286 2025 -1,
   2025 2286 2027 -1,
   2286 2284 2027 -1,
   2027 2284 2029 -1,
   2284 2282 2029 -1,
   2029 2282 2031 -1,
   2282 2280 2031 -1,
   2031 2280 2033 -1,
   2280 2278 2033 -1,
   2033 2278 2035 -1,
   2278 2276 2035 -1,
   2035 2276 2037 -1,
   2276 2274 2037 -1,
   2037 2274 2039 -1,
   2274 2272 2039 -1,
   2039 2272 2041 -1,
   2272 2270 2041 -1,
   2041 2270 2043 -1,
   2270 2268 2043 -1,
   2043 2268 2045 -1,
   2268 2266 2045 -1,
   2045 2266 2016 -1,
   2266 2380 2016 -1,
   2016 2380 2448 -1,
   2380 2447 2448 -1,
   2091 2447 2064 -1,
   2447 2380 2064 -1,
   2064 2380 2066 -1,
   2380 2378 2066 -1,
   2066 2378 2068 -1,
   2378 2376 2068 -1,
   2068 2376 2070 -1,
   2376 2374 2070 -1,
   2070 2374 2072 -1,
   2374 2372 2072 -1,
   2072 2372 2074 -1,
   2372 2370 2074 -1,
   2074 2370 2076 -1,
   2370 2368 2076 -1,
   2076 2368 2078 -1,
   2368 2366 2078 -1,
   2078 2366 2080 -1,
   2366 2364 2080 -1,
   2080 2364 2082 -1,
   2364 2362 2082 -1,
   2082 2362 2084 -1,
   2362 2360 2084 -1,
   2084 2360 2086 -1,
   2360 2358 2086 -1,
   2086 2358 2088 -1,
   2358 2356 2088 -1,
   2088 2356 2090 -1,
   2356 2354 2090 -1,
   2090 2354 2061 -1,
   2354 2352 2061 -1,
   2061 2352 2109 -1,
   2352 2350 2109 -1,
   2109 2350 2111 -1,
   2350 2348 2111 -1,
   2111 2348 2113 -1,
   2348 2346 2113 -1,
   2113 2346 2115 -1,
   2346 2344 2115 -1,
   2115 2344 2117 -1,
   2344 2342 2117 -1,
   2117 2342 2119 -1,
   2342 2340 2119 -1,
   2119 2340 2121 -1,
   2340 2338 2121 -1,
   2121 2338 2123 -1,
   2338 2336 2123 -1,
   2123 2336 2125 -1,
   2336 2334 2125 -1,
   2125 2334 2127 -1,
   2334 2332 2127 -1,
   2127 2332 2129 -1,
   2332 2330 2129 -1,
   2129 2330 2131 -1,
   2330 2328 2131 -1,
   2131 2328 2133 -1,
   2328 2326 2133 -1,
   2133 2326 2135 -1,
   2326 2324 2135 -1,
   2135 2324 2106 -1,
   2324 2322 2106 -1,
   2106 2322 2453 -1,
   2322 2452 2453 -1,
   2573 2329 2574 -1,
   2329 2575 2574 -1,
   2574 2575 2576 -1,
   2575 2259 2576 -1,
   2576 2259 2577 -1,
   2259 2261 2577 -1,
   2577 2261 2578 -1,
   2261 2263 2578 -1,
   2578 2263 2579 -1,
   2263 2580 2579 -1,
   2579 2580 2581 -1,
   2580 2325 2581 -1,
   2581 2325 2582 -1,
   2325 2327 2582 -1,
   2582 2327 2573 -1,
   2327 2329 2573 -1,
   2583 2255 2584 -1,
   2255 2257 2584 -1,
   2584 2257 2585 -1,
   2257 2259 2585 -1,
   2585 2259 2586 -1,
   2259 2575 2586 -1,
   2586 2575 2587 -1,
   2575 2329 2587 -1,
   2587 2329 2588 -1,
   2329 2331 2588 -1,
   2588 2331 2589 -1,
   2331 2333 2589 -1,
   2589 2333 2590 -1,
   2333 2591 2590 -1,
   2592 2251 2593 -1,
   2251 2253 2593 -1,
   2593 2253 2594 -1,
   2253 2255 2594 -1,
   2594 2255 2591 -1,
   2255 2583 2591 -1,
   2591 2583 2590 -1,
   2595 2596 2337 -1,
   2596 2597 2337 -1,
   2337 2597 2335 -1,
   2597 2598 2335 -1,
   2335 2598 2333 -1,
   2598 2599 2333 -1,
   2333 2599 2591 -1,
   2599 2600 2591 -1,
   2591 2600 2594 -1,
   2601 2247 2602 -1,
   2247 2249 2602 -1,
   2602 2249 2603 -1,
   2249 2251 2603 -1,
   2603 2251 2595 -1,
   2251 2592 2595 -1,
   2595 2592 2596 -1,
   2604 2605 2341 -1,
   2605 2606 2341 -1,
   2341 2606 2339 -1,
   2606 2607 2339 -1,
   2339 2607 2337 -1,
   2607 2608 2337 -1,
   2337 2608 2595 -1,
   2608 2609 2595 -1,
   2595 2609 2603 -1,
   2610 2243 2611 -1,
   2243 2245 2611 -1,
   2611 2245 2612 -1,
   2245 2247 2612 -1,
   2612 2247 2604 -1,
   2247 2601 2604 -1,
   2604 2601 2605 -1,
   2613 2614 2345 -1,
   2614 2615 2345 -1,
   2345 2615 2343 -1,
   2615 2616 2343 -1,
   2343 2616 2341 -1,
   2616 2617 2341 -1,
   2341 2617 2604 -1,
   2617 2618 2604 -1,
   2604 2618 2612 -1,
   2619 2239 2620 -1,
   2239 2241 2620 -1,
   2620 2241 2621 -1,
   2241 2243 2621 -1,
   2621 2243 2613 -1,
   2243 2610 2613 -1,
   2613 2610 2614 -1,
   2622 2623 2349 -1,
   2623 2624 2349 -1,
   2349 2624 2347 -1,
   2624 2625 2347 -1,
   2347 2625 2345 -1,
   2625 2626 2345 -1,
   2345 2626 2613 -1,
   2626 2627 2613 -1,
   2613 2627 2621 -1,
   2622 2628 2629 -1,
   2630 2235 2631 -1,
   2235 2237 2631 -1,
   2631 2237 2629 -1,
   2237 2239 2629 -1,
   2629 2239 2622 -1,
   2239 2619 2622 -1,
   2622 2619 2623 -1,
   2628 2622 2632 -1,
   2622 2349 2632 -1,
   2632 2349 2633 -1,
   2349 2351 2633 -1,
   2633 2351 2634 -1,
   2635 2636 2637 -1,
   2637 2636 2630 -1,
   2636 2638 2630 -1,
   2630 2638 2235 -1,
   2638 2639 2235 -1,
   2235 2639 2233 -1,
   2639 2640 2233 -1,
   2233 2640 2641 -1,
   2640 2642 2641 -1,
   2641 2642 2643 -1,
   2637 2634 2635 -1,
   2634 2351 2635 -1,
   2635 2351 2644 -1,
   2351 2353 2644 -1,
   2644 2353 2643 -1,
   2353 2355 2643 -1,
   2643 2355 2641 -1,
   2645 2646 2647 -1,
   2646 2645 2648 -1,
   2645 2229 2648 -1,
   2648 2229 2649 -1,
   2229 2231 2649 -1,
   2649 2231 2650 -1,
   2231 2233 2650 -1,
   2650 2233 2651 -1,
   2233 2641 2651 -1,
   2651 2641 2652 -1,
   2641 2355 2652 -1,
   2652 2355 2653 -1,
   2355 2357 2653 -1,
   2653 2357 2647 -1,
   2357 2359 2647 -1,
   2647 2359 2645 -1,
   2654 2655 2656 -1,
   2655 2654 2657 -1,
   2654 2225 2657 -1,
   2657 2225 2658 -1,
   2225 2227 2658 -1,
   2658 2227 2659 -1,
   2227 2229 2659 -1,
   2659 2229 2660 -1,
   2229 2645 2660 -1,
   2660 2645 2661 -1,
   2645 2359 2661 -1,
   2661 2359 2662 -1,
   2359 2361 2662 -1,
   2662 2361 2656 -1,
   2361 2363 2656 -1,
   2656 2363 2654 -1,
   2663 2664 2665 -1,
   2664 2663 2666 -1,
   2663 2221 2666 -1,
   2666 2221 2667 -1,
   2221 2223 2667 -1,
   2667 2223 2668 -1,
   2223 2225 2668 -1,
   2668 2225 2669 -1,
   2225 2654 2669 -1,
   2669 2654 2670 -1,
   2654 2363 2670 -1,
   2670 2363 2671 -1,
   2363 2365 2671 -1,
   2671 2365 2665 -1,
   2365 2367 2665 -1,
   2665 2367 2663 -1,
   2672 2673 2674 -1,
   2673 2672 2675 -1,
   2672 2217 2675 -1,
   2675 2217 2676 -1,
   2217 2219 2676 -1,
   2676 2219 2677 -1,
   2219 2221 2677 -1,
   2677 2221 2678 -1,
   2221 2663 2678 -1,
   2678 2663 2679 -1,
   2663 2367 2679 -1,
   2679 2367 2680 -1,
   2367 2369 2680 -1,
   2680 2369 2674 -1,
   2369 2371 2674 -1,
   2674 2371 2672 -1,
   2681 2375 2682 -1,
   2375 2683 2682 -1,
   2682 2683 2684 -1,
   2683 2213 2684 -1,
   2684 2213 2685 -1,
   2213 2215 2685 -1,
   2685 2215 2686 -1,
   2215 2217 2686 -1,
   2686 2217 2687 -1,
   2217 2672 2687 -1,
   2687 2672 2688 -1,
   2672 2371 2688 -1,
   2688 2371 2689 -1,
   2371 2373 2689 -1,
   2689 2373 2681 -1,
   2373 2375 2681 -1,
   2690 2379 2691 -1,
   2379 2692 2691 -1,
   2691 2692 2693 -1,
   2692 2209 2693 -1,
   2693 2209 2694 -1,
   2209 2211 2694 -1,
   2694 2211 2695 -1,
   2211 2213 2695 -1,
   2695 2213 2696 -1,
   2213 2683 2696 -1,
   2696 2683 2697 -1,
   2683 2375 2697 -1,
   2697 2375 2698 -1,
   2375 2377 2698 -1,
   2698 2377 2690 -1,
   2377 2379 2690 -1,
   2699 2267 2700 -1,
   2267 2701 2700 -1,
   2700 2701 2702 -1,
   2701 2205 2702 -1,
   2702 2205 2703 -1,
   2205 2207 2703 -1,
   2703 2207 2704 -1,
   2207 2209 2704 -1,
   2704 2209 2705 -1,
   2209 2692 2705 -1,
   2705 2692 2706 -1,
   2692 2379 2706 -1,
   2706 2379 2707 -1,
   2379 2265 2707 -1,
   2707 2265 2699 -1,
   2265 2267 2699 -1,
   2708 2271 2709 -1,
   2271 2710 2709 -1,
   2709 2710 2711 -1,
   2710 2201 2711 -1,
   2711 2201 2712 -1,
   2201 2203 2712 -1,
   2712 2203 2713 -1,
   2203 2205 2713 -1,
   2713 2205 2714 -1,
   2205 2701 2714 -1,
   2714 2701 2715 -1,
   2701 2267 2715 -1,
   2715 2267 2716 -1,
   2267 2269 2716 -1,
   2716 2269 2708 -1,
   2269 2271 2708 -1,
   2717 2197 2718 -1,
   2197 2199 2718 -1,
   2718 2199 2719 -1,
   2199 2201 2719 -1,
   2719 2201 2720 -1,
   2201 2710 2720 -1,
   2720 2710 2721 -1,
   2710 2271 2721 -1,
   2721 2271 2722 -1,
   2271 2273 2722 -1,
   2722 2273 2723 -1,
   2273 2275 2723 -1,
   2723 2275 2724 -1,
   2275 2725 2724 -1,
   2726 2193 2727 -1,
   2193 2195 2727 -1,
   2727 2195 2728 -1,
   2195 2197 2728 -1,
   2728 2197 2725 -1,
   2197 2717 2725 -1,
   2725 2717 2724 -1,
   2729 2730 2279 -1,
   2730 2731 2279 -1,
   2279 2731 2277 -1,
   2731 2732 2277 -1,
   2277 2732 2275 -1,
   2732 2733 2275 -1,
   2275 2733 2725 -1,
   2733 2734 2725 -1,
   2725 2734 2728 -1,
   2735 2189 2736 -1,
   2189 2191 2736 -1,
   2736 2191 2737 -1,
   2191 2193 2737 -1,
   2737 2193 2729 -1,
   2193 2726 2729 -1,
   2729 2726 2730 -1,
   2738 2739 2283 -1,
   2739 2740 2283 -1,
   2283 2740 2281 -1,
   2740 2741 2281 -1,
   2281 2741 2279 -1,
   2741 2742 2279 -1,
   2279 2742 2729 -1,
   2742 2743 2729 -1,
   2729 2743 2737 -1,
   2744 2185 2745 -1,
   2185 2187 2745 -1,
   2745 2187 2746 -1,
   2187 2189 2746 -1,
   2746 2189 2738 -1,
   2189 2735 2738 -1,
   2738 2735 2739 -1,
   2747 2748 2287 -1,
   2748 2749 2287 -1,
   2287 2749 2285 -1,
   2749 2750 2285 -1,
   2285 2750 2283 -1,
   2750 2751 2283 -1,
   2283 2751 2738 -1,
   2751 2752 2738 -1,
   2738 2752 2746 -1,
   2753 2181 2754 -1,
   2181 2183 2754 -1,
   2754 2183 2755 -1,
   2183 2185 2755 -1,
   2755 2185 2747 -1,
   2185 2744 2747 -1,
   2747 2744 2748 -1,
   2756 2757 2291 -1,
   2757 2758 2291 -1,
   2291 2758 2289 -1,
   2758 2759 2289 -1,
   2289 2759 2287 -1,
   2759 2760 2287 -1,
   2287 2760 2747 -1,
   2760 2761 2747 -1,
   2747 2761 2755 -1,
   2756 2762 2763 -1,
   2764 2177 2765 -1,
   2177 2179 2765 -1,
   2765 2179 2763 -1,
   2179 2181 2763 -1,
   2763 2181 2756 -1,
   2181 2753 2756 -1,
   2756 2753 2757 -1,
   2762 2756 2766 -1,
   2756 2291 2766 -1,
   2766 2291 2767 -1,
   2291 2293 2767 -1,
   2767 2293 2768 -1,
   2769 2770 2771 -1,
   2771 2770 2764 -1,
   2770 2772 2764 -1,
   2764 2772 2177 -1,
   2772 2773 2177 -1,
   2177 2773 2175 -1,
   2773 2774 2175 -1,
   2175 2774 2775 -1,
   2774 2776 2775 -1,
   2775 2776 2777 -1,
   2771 2768 2769 -1,
   2768 2293 2769 -1,
   2769 2293 2778 -1,
   2293 2295 2778 -1,
   2778 2295 2777 -1,
   2295 2297 2777 -1,
   2777 2297 2775 -1,
   2779 2780 2781 -1,
   2780 2779 2782 -1,
   2779 2171 2782 -1,
   2782 2171 2783 -1,
   2171 2173 2783 -1,
   2783 2173 2784 -1,
   2173 2175 2784 -1,
   2784 2175 2785 -1,
   2175 2775 2785 -1,
   2785 2775 2786 -1,
   2775 2297 2786 -1,
   2786 2297 2787 -1,
   2297 2299 2787 -1,
   2787 2299 2781 -1,
   2299 2301 2781 -1,
   2781 2301 2779 -1,
   2788 2789 2790 -1,
   2789 2788 2791 -1,
   2788 2167 2791 -1,
   2791 2167 2792 -1,
   2167 2169 2792 -1,
   2792 2169 2793 -1,
   2169 2171 2793 -1,
   2793 2171 2794 -1,
   2171 2779 2794 -1,
   2794 2779 2795 -1,
   2779 2301 2795 -1,
   2795 2301 2796 -1,
   2301 2303 2796 -1,
   2796 2303 2790 -1,
   2303 2305 2790 -1,
   2790 2305 2788 -1,
   2797 2798 2799 -1,
   2798 2797 2800 -1,
   2797 2163 2800 -1,
   2800 2163 2801 -1,
   2163 2165 2801 -1,
   2801 2165 2802 -1,
   2165 2167 2802 -1,
   2802 2167 2803 -1,
   2167 2788 2803 -1,
   2803 2788 2804 -1,
   2788 2305 2804 -1,
   2804 2305 2805 -1,
   2305 2307 2805 -1,
   2805 2307 2799 -1,
   2307 2309 2799 -1,
   2799 2309 2797 -1,
   2806 2807 2808 -1,
   2807 2806 2809 -1,
   2806 2159 2809 -1,
   2809 2159 2810 -1,
   2159 2161 2810 -1,
   2810 2161 2811 -1,
   2161 2163 2811 -1,
   2811 2163 2812 -1,
   2163 2797 2812 -1,
   2812 2797 2813 -1,
   2797 2309 2813 -1,
   2813 2309 2814 -1,
   2309 2311 2814 -1,
   2814 2311 2808 -1,
   2311 2313 2808 -1,
   2808 2313 2806 -1,
   2815 2317 2816 -1,
   2317 2817 2816 -1,
   2816 2817 2818 -1,
   2817 2155 2818 -1,
   2818 2155 2819 -1,
   2155 2157 2819 -1,
   2819 2157 2820 -1,
   2157 2159 2820 -1,
   2820 2159 2821 -1,
   2159 2806 2821 -1,
   2821 2806 2822 -1,
   2806 2313 2822 -1,
   2822 2313 2823 -1,
   2313 2315 2823 -1,
   2823 2315 2815 -1,
   2315 2317 2815 -1,
   2824 2321 2825 -1,
   2321 2826 2825 -1,
   2825 2826 2827 -1,
   2826 2151 2827 -1,
   2827 2151 2828 -1,
   2151 2153 2828 -1,
   2828 2153 2829 -1,
   2153 2155 2829 -1,
   2829 2155 2830 -1,
   2155 2817 2830 -1,
   2830 2817 2831 -1,
   2817 2317 2831 -1,
   2831 2317 2832 -1,
   2317 2319 2832 -1,
   2832 2319 2824 -1,
   2319 2321 2824 -1,
   2833 2325 2834 -1,
   2325 2580 2834 -1,
   2834 2580 2835 -1,
   2580 2263 2835 -1,
   2835 2263 2836 -1,
   2263 2149 2836 -1,
   2836 2149 2837 -1,
   2149 2151 2837 -1,
   2837 2151 2838 -1,
   2151 2826 2838 -1,
   2838 2826 2839 -1,
   2826 2321 2839 -1,
   2839 2321 2840 -1,
   2321 2323 2840 -1,
   2840 2323 2833 -1,
   2323 2325 2833 -1,
   2578 1957 2577 -1,
   1957 1956 2577 -1,
   2577 1956 2576 -1,
   1935 2581 1936 -1,
   2581 2582 1936 -1,
   1936 2582 2573 -1,
   2574 2576 1956 -1,
   1936 2573 1934 -1,
   2573 2574 1934 -1,
   1934 2574 1968 -1,
   2574 1956 1968 -1,
   2579 2581 1935 -1,
   1957 2578 1955 -1,
   2578 2579 1955 -1,
   1955 2579 1947 -1,
   2579 1935 1947 -1,
   1945 1944 1967 -1,
   1944 1943 1967 -1,
   1967 1943 1942 -1,
   1940 1938 1967 -1,
   1938 1937 1967 -1,
   1967 1937 1945 -1,
   1952 1955 1947 -1,
   1948 1954 1947 -1,
   1954 1953 1947 -1,
   1947 1953 1952 -1,
   1940 1967 1941 -1,
   1967 1951 1941 -1,
   1941 1951 1947 -1,
   1951 1949 1947 -1,
   1947 1949 1948 -1,
   1963 1967 1946 -1,
   1967 1942 1946 -1,
   1966 1965 1946 -1,
   1965 1964 1946 -1,
   1946 1964 1963 -1,
   1961 1959 1946 -1,
   1959 1958 1946 -1,
   1946 1958 1966 -1,
   1931 1934 1968 -1,
   1927 1933 1968 -1,
   1933 1932 1968 -1,
   1968 1932 1931 -1,
   1961 1946 1962 -1,
   1946 1930 1962 -1,
   1962 1930 1968 -1,
   1930 1928 1968 -1,
   1968 1928 1927 -1,
   2585 1915 2584 -1,
   1915 1914 2584 -1,
   2584 1914 2583 -1,
   1893 2587 1894 -1,
   2587 2588 1894 -1,
   1894 2588 2589 -1,
   2590 2583 1914 -1,
   1894 2589 1892 -1,
   2589 2590 1892 -1,
   1892 2590 1926 -1,
   2590 1914 1926 -1,
   2586 2587 1893 -1,
   1915 2585 1913 -1,
   2585 2586 1913 -1,
   1913 2586 1905 -1,
   2586 1893 1905 -1,
   1903 1902 1925 -1,
   1902 1901 1925 -1,
   1925 1901 1900 -1,
   1898 1896 1925 -1,
   1896 1895 1925 -1,
   1925 1895 1903 -1,
   1910 1913 1905 -1,
   1906 1912 1905 -1,
   1912 1911 1905 -1,
   1905 1911 1910 -1,
   1898 1925 1899 -1,
   1925 1909 1899 -1,
   1899 1909 1905 -1,
   1909 1907 1905 -1,
   1905 1907 1906 -1,
   1921 1925 1904 -1,
   1925 1900 1904 -1,
   1924 1923 1904 -1,
   1923 1922 1904 -1,
   1904 1922 1921 -1,
   1919 1917 1904 -1,
   1917 1916 1904 -1,
   1904 1916 1924 -1,
   1889 1892 1926 -1,
   1885 1891 1926 -1,
   1891 1890 1926 -1,
   1926 1890 1889 -1,
   1919 1904 1920 -1,
   1904 1888 1920 -1,
   1920 1888 1926 -1,
   1888 1886 1926 -1,
   1926 1886 1885 -1,
   2594 1873 2593 -1,
   1873 1872 2593 -1,
   2593 1872 2592 -1,
   1851 2599 1852 -1,
   2599 2598 1852 -1,
   1852 2598 2597 -1,
   2596 2592 1872 -1,
   1852 2597 1850 -1,
   2597 2596 1850 -1,
   1850 2596 1884 -1,
   2596 1872 1884 -1,
   2600 2599 1851 -1,
   1873 2594 1871 -1,
   2594 2600 1871 -1,
   1871 2600 1863 -1,
   2600 1851 1863 -1,
   1861 1860 1883 -1,
   1860 1859 1883 -1,
   1883 1859 1858 -1,
   1856 1854 1883 -1,
   1854 1853 1883 -1,
   1883 1853 1861 -1,
   1868 1871 1863 -1,
   1864 1870 1863 -1,
   1870 1869 1863 -1,
   1863 1869 1868 -1,
   1856 1883 1857 -1,
   1883 1867 1857 -1,
   1857 1867 1863 -1,
   1867 1865 1863 -1,
   1863 1865 1864 -1,
   1879 1883 1862 -1,
   1883 1858 1862 -1,
   1882 1881 1862 -1,
   1881 1880 1862 -1,
   1862 1880 1879 -1,
   1877 1875 1862 -1,
   1875 1874 1862 -1,
   1862 1874 1882 -1,
   1847 1850 1884 -1,
   1843 1849 1884 -1,
   1849 1848 1884 -1,
   1884 1848 1847 -1,
   1877 1862 1878 -1,
   1862 1846 1878 -1,
   1878 1846 1884 -1,
   1846 1844 1884 -1,
   1884 1844 1843 -1,
   2603 1831 2602 -1,
   1831 1830 2602 -1,
   2602 1830 2601 -1,
   1809 2608 1810 -1,
   2608 2607 1810 -1,
   1810 2607 2606 -1,
   2605 2601 1830 -1,
   1810 2606 1808 -1,
   2606 2605 1808 -1,
   1808 2605 1842 -1,
   2605 1830 1842 -1,
   2609 2608 1809 -1,
   1831 2603 1829 -1,
   2603 2609 1829 -1,
   1829 2609 1821 -1,
   2609 1809 1821 -1,
   1819 1818 1841 -1,
   1818 1817 1841 -1,
   1841 1817 1816 -1,
   1814 1812 1841 -1,
   1812 1811 1841 -1,
   1841 1811 1819 -1,
   1826 1829 1821 -1,
   1822 1828 1821 -1,
   1828 1827 1821 -1,
   1821 1827 1826 -1,
   1814 1841 1815 -1,
   1841 1825 1815 -1,
   1815 1825 1821 -1,
   1825 1823 1821 -1,
   1821 1823 1822 -1,
   1837 1841 1820 -1,
   1841 1816 1820 -1,
   1840 1839 1820 -1,
   1839 1838 1820 -1,
   1820 1838 1837 -1,
   1835 1833 1820 -1,
   1833 1832 1820 -1,
   1820 1832 1840 -1,
   1805 1808 1842 -1,
   1801 1807 1842 -1,
   1807 1806 1842 -1,
   1842 1806 1805 -1,
   1835 1820 1836 -1,
   1820 1804 1836 -1,
   1836 1804 1842 -1,
   1804 1802 1842 -1,
   1842 1802 1801 -1,
   2612 1789 2611 -1,
   1789 1788 2611 -1,
   2611 1788 2610 -1,
   1767 2617 1768 -1,
   2617 2616 1768 -1,
   1768 2616 2615 -1,
   2614 2610 1788 -1,
   1768 2615 1766 -1,
   2615 2614 1766 -1,
   1766 2614 1800 -1,
   2614 1788 1800 -1,
   2618 2617 1767 -1,
   1789 2612 1787 -1,
   2612 2618 1787 -1,
   1787 2618 1779 -1,
   2618 1767 1779 -1,
   1777 1776 1799 -1,
   1776 1775 1799 -1,
   1799 1775 1774 -1,
   1772 1770 1799 -1,
   1770 1769 1799 -1,
   1799 1769 1777 -1,
   1784 1787 1779 -1,
   1780 1786 1779 -1,
   1786 1785 1779 -1,
   1779 1785 1784 -1,
   1772 1799 1773 -1,
   1799 1783 1773 -1,
   1773 1783 1779 -1,
   1783 1781 1779 -1,
   1779 1781 1780 -1,
   1795 1799 1778 -1,
   1799 1774 1778 -1,
   1798 1797 1778 -1,
   1797 1796 1778 -1,
   1778 1796 1795 -1,
   1793 1791 1778 -1,
   1791 1790 1778 -1,
   1778 1790 1798 -1,
   1763 1766 1800 -1,
   1759 1765 1800 -1,
   1765 1764 1800 -1,
   1800 1764 1763 -1,
   1793 1778 1794 -1,
   1778 1762 1794 -1,
   1794 1762 1800 -1,
   1762 1760 1800 -1,
   1800 1760 1759 -1,
   2621 1747 2620 -1,
   1747 1746 2620 -1,
   2620 1746 2619 -1,
   1725 2626 1726 -1,
   2626 2625 1726 -1,
   1726 2625 2624 -1,
   2623 2619 1746 -1,
   1726 2624 1724 -1,
   2624 2623 1724 -1,
   1724 2623 1758 -1,
   2623 1746 1758 -1,
   2627 2626 1725 -1,
   1747 2621 1745 -1,
   2621 2627 1745 -1,
   1745 2627 1737 -1,
   2627 1725 1737 -1,
   1735 1734 1757 -1,
   1734 1733 1757 -1,
   1757 1733 1732 -1,
   1730 1728 1757 -1,
   1728 1727 1757 -1,
   1757 1727 1735 -1,
   1742 1745 1737 -1,
   1738 1744 1737 -1,
   1744 1743 1737 -1,
   1737 1743 1742 -1,
   1730 1757 1731 -1,
   1757 1741 1731 -1,
   1731 1741 1737 -1,
   1741 1739 1737 -1,
   1737 1739 1738 -1,
   1753 1757 1736 -1,
   1757 1732 1736 -1,
   1756 1755 1736 -1,
   1755 1754 1736 -1,
   1736 1754 1753 -1,
   1751 1749 1736 -1,
   1749 1748 1736 -1,
   1736 1748 1756 -1,
   1721 1724 1758 -1,
   1717 1723 1758 -1,
   1723 1722 1758 -1,
   1758 1722 1721 -1,
   1751 1736 1752 -1,
   1736 1720 1752 -1,
   1752 1720 1758 -1,
   1720 1718 1758 -1,
   1758 1718 1717 -1,
   2629 1705 2631 -1,
   1705 1704 2631 -1,
   2631 1704 2630 -1,
   1683 2632 1684 -1,
   2632 2633 1684 -1,
   1684 2633 2634 -1,
   1210 1209 1190 -1,
   1209 1208 1190 -1,
   1190 1208 1207 -1,
   1205 1203 1190 -1,
   1203 1202 1190 -1,
   1190 1202 1210 -1,
   1175 1178 1212 -1,
   1171 1177 1212 -1,
   1177 1176 1212 -1,
   1212 1176 1175 -1,
   1205 1190 1206 -1,
   1190 1174 1206 -1,
   1206 1174 1212 -1,
   1174 1172 1212 -1,
   1212 1172 1171 -1,
   2746 1159 2745 -1,
   1159 1158 2745 -1,
   2745 1158 2744 -1,
   1137 2751 1138 -1,
   2751 2750 1138 -1,
   1138 2750 2749 -1,
   2748 2744 1158 -1,
   1138 2749 1136 -1,
   2749 2748 1136 -1,
   1136 2748 1170 -1,
   2748 1158 1170 -1,
   2752 2751 1137 -1,
   1159 2746 1157 -1,
   2746 2752 1157 -1,
   1157 2752 1149 -1,
   2752 1137 1149 -1,
   1147 1146 1169 -1,
   1146 1145 1169 -1,
   1169 1145 1144 -1,
   1142 1140 1169 -1,
   1140 1139 1169 -1,
   1169 1139 1147 -1,
   1154 1157 1149 -1,
   1150 1156 1149 -1,
   1156 1155 1149 -1,
   1149 1155 1154 -1,
   1142 1169 1143 -1,
   1169 1153 1143 -1,
   1143 1153 1149 -1,
   1153 1151 1149 -1,
   1149 1151 1150 -1,
   1165 1169 1148 -1,
   1169 1144 1148 -1,
   1168 1167 1148 -1,
   1167 1166 1148 -1,
   1148 1166 1165 -1,
   1163 1161 1148 -1,
   1161 1160 1148 -1,
   1148 1160 1168 -1,
   1133 1136 1170 -1,
   1129 1135 1170 -1,
   1135 1134 1170 -1,
   1170 1134 1133 -1,
   1163 1148 1164 -1,
   1148 1132 1164 -1,
   1164 1132 1170 -1,
   1132 1130 1170 -1,
   1170 1130 1129 -1,
   2755 1117 2754 -1,
   1117 1116 2754 -1,
   2754 1116 2753 -1,
   1095 2760 1096 -1,
   2760 2759 1096 -1,
   1096 2759 2758 -1,
   2757 2753 1116 -1,
   1096 2758 1094 -1,
   2758 2757 1094 -1,
   1094 2757 1128 -1,
   2757 1116 1128 -1,
   2761 2760 1095 -1,
   1117 2755 1115 -1,
   2755 2761 1115 -1,
   1115 2761 1107 -1,
   2761 1095 1107 -1,
   1105 1104 1127 -1,
   1104 1103 1127 -1,
   1127 1103 1102 -1,
   1100 1098 1127 -1,
   1098 1097 1127 -1,
   1127 1097 1105 -1,
   1112 1115 1107 -1,
   1108 1114 1107 -1,
   1114 1113 1107 -1,
   1107 1113 1112 -1,
   1100 1127 1101 -1,
   1127 1111 1101 -1,
   1101 1111 1107 -1,
   1111 1109 1107 -1,
   1107 1109 1108 -1,
   1123 1127 1106 -1,
   1127 1102 1106 -1,
   1126 1125 1106 -1,
   1125 1124 1106 -1,
   1106 1124 1123 -1,
   1121 1119 1106 -1,
   1119 1118 1106 -1,
   1106 1118 1126 -1,
   1091 1094 1128 -1,
   1087 1093 1128 -1,
   1093 1092 1128 -1,
   1128 1092 1091 -1,
   1121 1106 1122 -1,
   1106 1090 1122 -1,
   1122 1090 1128 -1,
   1090 1088 1128 -1,
   1128 1088 1087 -1,
   2763 1075 2765 -1,
   1075 1074 2765 -1,
   2765 1074 2764 -1,
   1053 2766 1054 -1,
   2766 2767 1054 -1,
   1054 2767 2768 -1,
   2771 2764 1074 -1,
   1054 2768 1052 -1,
   2768 2771 1052 -1,
   1052 2771 1086 -1,
   2771 1074 1086 -1,
   2762 2766 1053 -1,
   1075 2763 1073 -1,
   2763 2762 1073 -1,
   1073 2762 1065 -1,
   2762 1053 1065 -1,
   1063 1062 1085 -1,
   1062 1061 1085 -1,
   1085 1061 1060 -1,
   1058 1056 1085 -1,
   1056 1055 1085 -1,
   1085 1055 1063 -1,
   1070 1073 1065 -1,
   1066 1072 1065 -1,
   1072 1071 1065 -1,
   1065 1071 1070 -1,
   1058 1085 1059 -1,
   1085 1069 1059 -1,
   1059 1069 1065 -1,
   1069 1067 1065 -1,
   1065 1067 1066 -1,
   1081 1085 1064 -1,
   1085 1060 1064 -1,
   1084 1083 1064 -1,
   1083 1082 1064 -1,
   1064 1082 1081 -1,
   1079 1077 1064 -1,
   1077 1076 1064 -1,
   1064 1076 1084 -1,
   1049 1052 1086 -1,
   1045 1051 1086 -1,
   1051 1050 1086 -1,
   1086 1050 1049 -1,
   1079 1064 1080 -1,
   1064 1048 1080 -1,
   1080 1048 1086 -1,
   1048 1046 1086 -1,
   1086 1046 1045 -1,
   1032 2774 1033 -1,
   2774 2773 1033 -1,
   1033 2773 2772 -1,
   2777 1012 2778 -1,
   1012 1011 2778 -1,
   2778 1011 2769 -1,
   2776 2774 1032 -1,
   1012 2777 1010 -1,
   2777 2776 1010 -1,
   1010 2776 1044 -1,
   2776 1032 1044 -1,
   2770 2769 1011 -1,
   1033 2772 1031 -1,
   2772 2770 1031 -1,
   1031 2770 1023 -1,
   2770 1011 1023 -1,
   1021 1020 1043 -1,
   1020 1019 1043 -1,
   1043 1019 1018 -1,
   1016 1014 1043 -1,
   1014 1013 1043 -1,
   1043 1013 1021 -1,
   1028 1031 1023 -1,
   1024 1030 1023 -1,
   1030 1029 1023 -1,
   1023 1029 1028 -1,
   1016 1043 1017 -1,
   1043 1027 1017 -1,
   1017 1027 1023 -1,
   1027 1025 1023 -1,
   1023 1025 1024 -1,
   1039 1043 1022 -1,
   1043 1018 1022 -1,
   1042 1041 1022 -1,
   1041 1040 1022 -1,
   1022 1040 1039 -1,
   1037 1035 1022 -1,
   1035 1034 1022 -1,
   1022 1034 1042 -1,
   1007 1010 1044 -1,
   1003 1009 1044 -1,
   1009 1008 1044 -1,
   1044 1008 1007 -1,
   1037 1022 1038 -1,
   1022 1006 1038 -1,
   1038 1006 1044 -1,
   1006 1004 1044 -1,
   1044 1004 1003 -1,
   990 2782 991 -1,
   2782 2783 991 -1,
   991 2783 2784 -1,
   2781 970 2787 -1,
   970 969 2787 -1,
   2787 969 2786 -1,
   2780 2782 990 -1,
   970 2781 968 -1,
   2781 2780 968 -1,
   968 2780 1002 -1,
   2780 990 1002 -1,
   2785 2786 969 -1,
   991 2784 989 -1,
   2784 2785 989 -1,
   989 2785 981 -1,
   2785 969 981 -1,
   979 978 1001 -1,
   978 977 1001 -1,
   1001 977 976 -1,
   974 972 1001 -1,
   972 971 1001 -1,
   1001 971 979 -1,
   986 989 981 -1,
   982 988 981 -1,
   988 987 981 -1,
   981 987 986 -1,
   974 1001 975 -1,
   1001 985 975 -1,
   975 985 981 -1,
   985 983 981 -1,
   981 983 982 -1,
   997 1001 980 -1,
   1001 976 980 -1,
   1000 999 980 -1,
   999 998 980 -1,
   980 998 997 -1,
   995 993 980 -1,
   993 992 980 -1,
   980 992 1000 -1,
   965 968 1002 -1,
   961 967 1002 -1,
   967 966 1002 -1,
   1002 966 965 -1,
   995 980 996 -1,
   980 964 996 -1,
   996 964 1002 -1,
   964 962 1002 -1,
   1002 962 961 -1,
   948 2791 949 -1,
   2791 2792 949 -1,
   949 2792 2793 -1,
   2790 928 2796 -1,
   928 927 2796 -1,
   2796 927 2795 -1,
   2789 2791 948 -1,
   928 2790 926 -1,
   2790 2789 926 -1,
   926 2789 960 -1,
   2789 948 960 -1,
   2794 2795 927 -1,
   949 2793 947 -1,
   2793 2794 947 -1,
   947 2794 939 -1,
   2794 927 939 -1,
   937 936 959 -1,
   936 935 959 -1,
   959 935 934 -1,
   932 930 959 -1,
   930 929 959 -1,
   959 929 937 -1,
   944 947 939 -1,
   940 946 939 -1,
   946 945 939 -1,
   939 945 944 -1,
   932 959 933 -1,
   959 943 933 -1,
   933 943 939 -1,
   943 941 939 -1,
   939 941 940 -1,
   955 959 938 -1,
   959 934 938 -1,
   829 833 812 -1,
   833 808 812 -1,
   832 831 812 -1,
   831 830 812 -1,
   812 830 829 -1,
   827 825 812 -1,
   825 824 812 -1,
   812 824 832 -1,
   797 800 834 -1,
   793 799 834 -1,
   799 798 834 -1,
   834 798 797 -1,
   827 812 828 -1,
   812 796 828 -1,
   828 796 834 -1,
   796 794 834 -1,
   834 794 793 -1,
   780 2827 781 -1,
   2827 2828 781 -1,
   781 2828 2829 -1,
   2824 760 2832 -1,
   760 759 2832 -1,
   2832 759 2831 -1,
   2825 2827 780 -1,
   760 2824 758 -1,
   2824 2825 758 -1,
   758 2825 792 -1,
   2825 780 792 -1,
   2830 2831 759 -1,
   781 2829 779 -1,
   2829 2830 779 -1,
   779 2830 771 -1,
   2830 759 771 -1,
   769 768 791 -1,
   768 767 791 -1,
   791 767 766 -1,
   764 762 791 -1,
   762 761 791 -1,
   791 761 769 -1,
   776 779 771 -1,
   772 778 771 -1,
   778 777 771 -1,
   771 777 776 -1,
   764 791 765 -1,
   791 775 765 -1,
   765 775 771 -1,
   775 773 771 -1,
   771 773 772 -1,
   787 791 770 -1,
   791 766 770 -1,
   790 789 770 -1,
   789 788 770 -1,
   770 788 787 -1,
   785 783 770 -1,
   783 782 770 -1,
   770 782 790 -1,
   755 758 792 -1,
   751 757 792 -1,
   757 756 792 -1,
   792 756 755 -1,
   785 770 786 -1,
   770 754 786 -1,
   786 754 792 -1,
   754 752 792 -1,
   792 752 751 -1,
   2837 739 2836 -1,
   739 738 2836 -1,
   2836 738 2835 -1,
   745 749 728 -1,
   749 724 728 -1,
   748 747 728 -1,
   747 746 728 -1,
   728 746 745 -1,
   743 741 728 -1,
   741 740 728 -1,
   728 740 748 -1,
   713 716 750 -1,
   709 715 750 -1,
   715 714 750 -1,
   750 714 713 -1,
   743 728 744 -1,
   728 712 744 -1,
   744 712 750 -1,
   712 710 750 -1,
   750 710 709 -1,
   727 726 749 -1,
   726 725 749 -1,
   749 725 724 -1,
   722 720 749 -1,
   720 719 749 -1,
   749 719 727 -1,
   734 737 729 -1,
   730 736 729 -1,
   736 735 729 -1,
   729 735 734 -1,
   722 749 723 -1,
   749 733 723 -1,
   723 733 729 -1,
   733 731 729 -1,
   729 731 730 -1,
   2838 2839 717 -1,
   739 2837 737 -1,
   2837 2838 737 -1,
   737 2838 729 -1,
   2838 717 729 -1,
   2834 2835 738 -1,
   718 2833 716 -1,
   2833 2834 716 -1,
   716 2834 750 -1,
   2834 738 750 -1,
   2833 718 2840 -1,
   718 717 2840 -1,
   2840 717 2839 -1,
   811 810 833 -1,
   810 809 833 -1,
   833 809 808 -1,
   806 804 833 -1,
   804 803 833 -1,
   833 803 811 -1,
   818 821 813 -1,
   814 820 813 -1,
   820 819 813 -1,
   813 819 818 -1,
   806 833 807 -1,
   833 817 807 -1,
   807 817 813 -1,
   817 815 813 -1,
   813 815 814 -1,
   2821 2822 801 -1,
   823 2820 821 -1,
   2820 2821 821 -1,
   821 2821 813 -1,
   2821 801 813 -1,
   2816 2818 822 -1,
   802 2815 800 -1,
   2815 2816 800 -1,
   800 2816 834 -1,
   2816 822 834 -1,
   2815 802 2823 -1,
   802 801 2823 -1,
   2823 801 2822 -1,
   822 2818 823 -1,
   2818 2819 823 -1,
   823 2819 2820 -1,
   874 873 854 -1,
   873 872 854 -1,
   854 872 871 -1,
   869 867 854 -1,
   867 866 854 -1,
   854 866 874 -1,
   839 842 876 -1,
   835 841 876 -1,
   841 840 876 -1,
   876 840 839 -1,
   869 854 870 -1,
   854 838 870 -1,
   870 838 876 -1,
   838 836 876 -1,
   876 836 835 -1,
   871 875 854 -1,
   875 850 854 -1,
   853 852 875 -1,
   852 851 875 -1,
   875 851 850 -1,
   848 846 875 -1,
   846 845 875 -1,
   875 845 853 -1,
   860 863 855 -1,
   856 862 855 -1,
   862 861 855 -1,
   855 861 860 -1,
   848 875 849 -1,
   875 859 849 -1,
   849 859 855 -1,
   859 857 855 -1,
   855 857 856 -1,
   2812 2813 843 -1,
   865 2811 863 -1,
   2811 2812 863 -1,
   863 2812 855 -1,
   2812 843 855 -1,
   2807 2809 864 -1,
   844 2808 842 -1,
   2808 2807 842 -1,
   842 2807 876 -1,
   2807 864 876 -1,
   2808 844 2814 -1,
   844 843 2814 -1,
   2814 843 2813 -1,
   864 2809 865 -1,
   2809 2810 865 -1,
   865 2810 2811 -1,
   916 915 896 -1,
   915 914 896 -1,
   896 914 913 -1,
   911 909 896 -1,
   909 908 896 -1,
   896 908 916 -1,
   881 884 918 -1,
   877 883 918 -1,
   883 882 918 -1,
   918 882 881 -1,
   911 896 912 -1,
   896 880 912 -1,
   912 880 918 -1,
   880 878 918 -1,
   918 878 877 -1,
   913 917 896 -1,
   917 892 896 -1,
   895 894 917 -1,
   894 893 917 -1,
   917 893 892 -1,
   890 888 917 -1,
   888 887 917 -1,
   917 887 895 -1,
   902 905 897 -1,
   898 904 897 -1,
   904 903 897 -1,
   897 903 902 -1,
   890 917 891 -1,
   917 901 891 -1,
   891 901 897 -1,
   901 899 897 -1,
   897 899 898 -1,
   2803 2804 885 -1,
   907 2802 905 -1,
   2802 2803 905 -1,
   905 2803 897 -1,
   2803 885 897 -1,
   2798 2800 906 -1,
   886 2799 884 -1,
   2799 2798 884 -1,
   884 2798 918 -1,
   2798 906 918 -1,
   2799 886 2805 -1,
   886 885 2805 -1,
   2805 885 2804 -1,
   906 2800 907 -1,
   2800 2801 907 -1,
   907 2801 2802 -1,
   958 957 938 -1,
   957 956 938 -1,
   938 956 955 -1,
   953 951 938 -1,
   951 950 938 -1,
   938 950 958 -1,
   923 926 960 -1,
   919 925 960 -1,
   925 924 960 -1,
   960 924 923 -1,
   953 938 954 -1,
   938 922 954 -1,
   954 922 960 -1,
   922 920 960 -1,
   960 920 919 -1,
   1207 1211 1190 -1,
   1211 1186 1190 -1,
   1189 1188 1211 -1,
   1188 1187 1211 -1,
   1211 1187 1186 -1,
   1184 1182 1211 -1,
   1182 1181 1211 -1,
   1211 1181 1189 -1,
   1196 1199 1191 -1,
   1192 1198 1191 -1,
   1198 1197 1191 -1,
   1191 1197 1196 -1,
   1184 1211 1185 -1,
   1211 1195 1185 -1,
   1185 1195 1191 -1,
   1195 1193 1191 -1,
   1191 1193 1192 -1,
   2743 2742 1179 -1,
   1201 2737 1199 -1,
   2737 2743 1199 -1,
   1199 2743 1191 -1,
   2743 1179 1191 -1,
   2739 2735 1200 -1,
   1180 2740 1178 -1,
   2740 2739 1178 -1,
   1178 2739 1212 -1,
   2739 1200 1212 -1,
   1179 2742 1180 -1,
   2742 2741 1180 -1,
   1180 2741 2740 -1,
   2737 1201 2736 -1,
   1201 1200 2736 -1,
   2736 1200 2735 -1,
   1252 1251 1232 -1,
   1251 1250 1232 -1,
   1232 1250 1249 -1,
   1247 1245 1232 -1,
   1245 1244 1232 -1,
   1232 1244 1252 -1,
   1217 1220 1254 -1,
   1213 1219 1254 -1,
   1219 1218 1254 -1,
   1254 1218 1217 -1,
   1247 1232 1248 -1,
   1232 1216 1248 -1,
   1248 1216 1254 -1,
   1216 1214 1254 -1,
   1254 1214 1213 -1,
   1249 1253 1232 -1,
   1253 1228 1232 -1,
   1231 1230 1253 -1,
   1230 1229 1253 -1,
   1253 1229 1228 -1,
   1226 1224 1253 -1,
   1224 1223 1253 -1,
   1253 1223 1231 -1,
   1238 1241 1233 -1,
   1234 1240 1233 -1,
   1240 1239 1233 -1,
   1233 1239 1238 -1,
   1226 1253 1227 -1,
   1253 1237 1227 -1,
   1227 1237 1233 -1,
   1237 1235 1233 -1,
   1233 1235 1234 -1,
   2734 2733 1221 -1,
   1243 2728 1241 -1,
   2728 2734 1241 -1,
   1241 2734 1233 -1,
   2734 1221 1233 -1,
   2730 2726 1242 -1,
   1222 2731 1220 -1,
   2731 2730 1220 -1,
   1220 2730 1254 -1,
   2730 1242 1254 -1,
   1221 2733 1222 -1,
   2733 2732 1222 -1,
   1222 2732 2731 -1,
   2728 1243 2727 -1,
   1243 1242 2727 -1,
   2727 1242 2726 -1,
   1294 1293 1274 -1,
   1293 1292 1274 -1,
   1274 1292 1291 -1,
   1289 1287 1274 -1,
   1287 1286 1274 -1,
   1274 1286 1294 -1,
   1259 1262 1296 -1,
   1255 1261 1296 -1,
   1261 1260 1296 -1,
   1296 1260 1259 -1,
   1289 1274 1290 -1,
   1274 1258 1290 -1,
   1290 1258 1296 -1,
   1258 1256 1296 -1,
   1296 1256 1255 -1,
   1291 1295 1274 -1,
   1295 1270 1274 -1,
   1273 1272 1295 -1,
   1272 1271 1295 -1,
   1295 1271 1270 -1,
   1268 1266 1295 -1,
   1266 1265 1295 -1,
   1295 1265 1273 -1,
   1280 1283 1275 -1,
   1276 1282 1275 -1,
   1282 1281 1275 -1,
   1275 1281 1280 -1,
   1268 1295 1269 -1,
   1295 1279 1269 -1,
   1269 1279 1275 -1,
   1279 1277 1275 -1,
   1275 1277 1276 -1,
   2720 2721 1263 -1,
   1285 2719 1283 -1,
   2719 2720 1283 -1,
   1283 2720 1275 -1,
   2720 1263 1275 -1,
   2724 2717 1284 -1,
   1264 2723 1262 -1,
   2723 2724 1262 -1,
   1262 2724 1296 -1,
   2724 1284 1296 -1,
   1263 2721 1264 -1,
   2721 2722 1264 -1,
   1264 2722 2723 -1,
   2719 1285 2718 -1,
   1285 1284 2718 -1,
   2718 1284 2717 -1,
   1336 1335 1316 -1,
   1335 1334 1316 -1,
   1316 1334 1333 -1,
   1331 1329 1316 -1,
   1329 1328 1316 -1,
   1316 1328 1336 -1,
   1301 1304 1338 -1,
   1297 1303 1338 -1,
   1303 1302 1338 -1,
   1338 1302 1301 -1,
   1331 1316 1332 -1,
   1316 1300 1332 -1,
   1332 1300 1338 -1,
   1300 1298 1338 -1,
   1338 1298 1297 -1,
   1333 1337 1316 -1,
   1337 1312 1316 -1,
   1315 1314 1337 -1,
   1314 1313 1337 -1,
   1337 1313 1312 -1,
   1310 1308 1337 -1,
   1308 1307 1337 -1,
   1337 1307 1315 -1,
   1322 1325 1317 -1,
   1318 1324 1317 -1,
   1324 1323 1317 -1,
   1317 1323 1322 -1,
   1310 1337 1311 -1,
   1337 1321 1311 -1,
   1311 1321 1317 -1,
   1321 1319 1317 -1,
   1317 1319 1318 -1,
   2714 2715 1305 -1,
   1327 2713 1325 -1,
   2713 2714 1325 -1,
   1325 2714 1317 -1,
   2714 1305 1317 -1,
   2709 2711 1326 -1,
   1306 2708 1304 -1,
   2708 2709 1304 -1,
   1304 2709 1338 -1,
   2709 1326 1338 -1,
   1305 2715 1306 -1,
   2715 2716 1306 -1,
   1306 2716 2708 -1,
   2713 1327 2712 -1,
   1327 1326 2712 -1,
   2712 1326 2711 -1,
   1378 1377 1358 -1,
   1377 1376 1358 -1,
   1358 1376 1375 -1,
   1373 1371 1358 -1,
   1371 1370 1358 -1,
   1358 1370 1378 -1,
   1343 1346 1380 -1,
   1339 1345 1380 -1,
   1345 1344 1380 -1,
   1380 1344 1343 -1,
   1373 1358 1374 -1,
   1358 1342 1374 -1,
   1374 1342 1380 -1,
   1342 1340 1380 -1,
   1380 1340 1339 -1,
   1375 1379 1358 -1,
   1379 1354 1358 -1,
   1357 1356 1379 -1,
   1356 1355 1379 -1,
   1379 1355 1354 -1,
   1352 1350 1379 -1,
   1350 1349 1379 -1,
   1379 1349 1357 -1,
   1364 1367 1359 -1,
   1360 1366 1359 -1,
   1366 1365 1359 -1,
   1359 1365 1364 -1,
   1352 1379 1353 -1,
   1379 1363 1353 -1,
   1353 1363 1359 -1,
   1363 1361 1359 -1,
   1359 1361 1360 -1,
   2705 2706 1347 -1,
   1369 2704 1367 -1,
   2704 2705 1367 -1,
   1367 2705 1359 -1,
   2705 1347 1359 -1,
   2700 2702 1368 -1,
   1348 2699 1346 -1,
   2699 2700 1346 -1,
   1346 2700 1380 -1,
   2700 1368 1380 -1,
   1347 2706 1348 -1,
   2706 2707 1348 -1,
   1348 2707 2699 -1,
   1368 2702 1369 -1,
   2702 2703 1369 -1,
   1369 2703 2704 -1,
   1420 1419 1400 -1,
   1419 1418 1400 -1,
   1400 1418 1417 -1,
   1415 1413 1400 -1,
   1413 1412 1400 -1,
   1400 1412 1420 -1,
   1385 1388 1422 -1,
   1381 1387 1422 -1,
   1387 1386 1422 -1,
   1422 1386 1385 -1,
   1415 1400 1416 -1,
   1400 1384 1416 -1,
   1416 1384 1422 -1,
   1384 1382 1422 -1,
   1422 1382 1381 -1,
   1417 1421 1400 -1,
   1421 1396 1400 -1,
   1399 1398 1421 -1,
   1398 1397 1421 -1,
   1421 1397 1396 -1,
   1394 1392 1421 -1,
   1392 1391 1421 -1,
   1421 1391 1399 -1,
   1406 1409 1401 -1,
   1402 1408 1401 -1,
   1408 1407 1401 -1,
   1401 1407 1406 -1,
   1394 1421 1395 -1,
   1421 1405 1395 -1,
   1395 1405 1401 -1,
   1405 1403 1401 -1,
   1401 1403 1402 -1,
   2696 2697 1389 -1,
   1411 2695 1409 -1,
   2695 2696 1409 -1,
   1409 2696 1401 -1,
   2696 1389 1401 -1,
   2691 2693 1410 -1,
   1390 2690 1388 -1,
   2690 2691 1388 -1,
   1388 2691 1422 -1,
   2691 1410 1422 -1,
   2690 1390 2698 -1,
   1390 1389 2698 -1,
   2698 1389 2697 -1,
   1410 2693 1411 -1,
   2693 2694 1411 -1,
   1411 2694 2695 -1,
   1462 1461 1442 -1,
   1461 1460 1442 -1,
   1442 1460 1459 -1,
   1457 1455 1442 -1,
   1455 1454 1442 -1,
   1442 1454 1462 -1,
   1427 1430 1464 -1,
   1423 1429 1464 -1,
   1429 1428 1464 -1,
   1464 1428 1427 -1,
   1457 1442 1458 -1,
   1442 1426 1458 -1,
   1458 1426 1464 -1,
   1426 1424 1464 -1,
   1464 1424 1423 -1,
   1459 1463 1442 -1,
   1463 1438 1442 -1,
   1441 1440 1463 -1,
   1440 1439 1463 -1,
   1463 1439 1438 -1,
   1436 1434 1463 -1,
   1434 1433 1463 -1,
   1463 1433 1441 -1,
   1448 1451 1443 -1,
   1444 1450 1443 -1,
   1450 1449 1443 -1,
   1443 1449 1448 -1,
   1436 1463 1437 -1,
   1463 1447 1437 -1,
   1437 1447 1443 -1,
   1447 1445 1443 -1,
   1443 1445 1444 -1,
   2687 2688 1431 -1,
   1453 2686 1451 -1,
   2686 2687 1451 -1,
   1451 2687 1443 -1,
   2687 1431 1443 -1,
   2682 2684 1452 -1,
   1432 2681 1430 -1,
   2681 2682 1430 -1,
   1430 2682 1464 -1,
   2682 1452 1464 -1,
   2681 1432 2689 -1,
   1432 1431 2689 -1,
   2689 1431 2688 -1,
   1452 2684 1453 -1,
   2684 2685 1453 -1,
   1453 2685 2686 -1,
   1504 1503 1484 -1,
   1503 1502 1484 -1,
   1484 1502 1501 -1,
   1499 1497 1484 -1,
   1497 1496 1484 -1,
   1484 1496 1504 -1,
   1469 1472 1506 -1,
   1465 1471 1506 -1,
   1471 1470 1506 -1,
   1506 1470 1469 -1,
   1499 1484 1500 -1,
   1484 1468 1500 -1,
   1500 1468 1506 -1,
   1468 1466 1506 -1,
   1506 1466 1465 -1,
   1501 1505 1484 -1,
   1505 1480 1484 -1,
   1483 1482 1505 -1,
   1482 1481 1505 -1,
   1505 1481 1480 -1,
   1478 1476 1505 -1,
   1476 1475 1505 -1,
   1505 1475 1483 -1,
   1490 1493 1485 -1,
   1486 1492 1485 -1,
   1492 1491 1485 -1,
   1485 1491 1490 -1,
   1478 1505 1479 -1,
   1505 1489 1479 -1,
   1479 1489 1485 -1,
   1489 1487 1485 -1,
   1485 1487 1486 -1,
   2678 2679 1473 -1,
   1495 2677 1493 -1,
   2677 2678 1493 -1,
   1493 2678 1485 -1,
   2678 1473 1485 -1,
   2673 2675 1494 -1,
   1474 2674 1472 -1,
   2674 2673 1472 -1,
   1472 2673 1506 -1,
   2673 1494 1506 -1,
   2674 1474 2680 -1,
   1474 1473 2680 -1,
   2680 1473 2679 -1,
   1494 2675 1495 -1,
   2675 2676 1495 -1,
   1495 2676 2677 -1,
   1546 1545 1526 -1,
   1545 1544 1526 -1,
   1526 1544 1543 -1,
   1541 1539 1526 -1,
   1539 1538 1526 -1,
   1526 1538 1546 -1,
   1511 1514 1548 -1,
   1507 1513 1548 -1,
   1513 1512 1548 -1,
   1548 1512 1511 -1,
   1541 1526 1542 -1,
   1526 1510 1542 -1,
   1542 1510 1548 -1,
   1510 1508 1548 -1,
   1548 1508 1507 -1,
   1543 1547 1526 -1,
   1547 1522 1526 -1,
   1525 1524 1547 -1,
   1524 1523 1547 -1,
   1547 1523 1522 -1,
   1520 1518 1547 -1,
   1518 1517 1547 -1,
   1547 1517 1525 -1,
   1532 1535 1527 -1,
   1528 1534 1527 -1,
   1534 1533 1527 -1,
   1527 1533 1532 -1,
   1520 1547 1521 -1,
   1547 1531 1521 -1,
   1521 1531 1527 -1,
   1531 1529 1527 -1,
   1527 1529 1528 -1,
   2669 2670 1515 -1,
   1537 2668 1535 -1,
   2668 2669 1535 -1,
   1535 2669 1527 -1,
   2669 1515 1527 -1,
   2664 2666 1536 -1,
   1516 2665 1514 -1,
   2665 2664 1514 -1,
   1514 2664 1548 -1,
   2664 1536 1548 -1,
   2665 1516 2671 -1,
   1516 1515 2671 -1,
   2671 1515 2670 -1,
   1536 2666 1537 -1,
   2666 2667 1537 -1,
   1537 2667 2668 -1,
   1588 1587 1568 -1,
   1587 1586 1568 -1,
   1568 1586 1585 -1,
   1583 1581 1568 -1,
   1581 1580 1568 -1,
   1568 1580 1588 -1,
   1553 1556 1590 -1,
   1549 1555 1590 -1,
   1555 1554 1590 -1,
   1590 1554 1553 -1,
   1583 1568 1584 -1,
   1568 1552 1584 -1,
   1584 1552 1590 -1,
   1552 1550 1590 -1,
   1590 1550 1549 -1,
   1585 1589 1568 -1,
   1589 1564 1568 -1,
   1567 1566 1589 -1,
   1566 1565 1589 -1,
   1589 1565 1564 -1,
   1562 1560 1589 -1,
   1560 1559 1589 -1,
   1589 1559 1567 -1,
   1574 1577 1569 -1,
   1570 1576 1569 -1,
   1576 1575 1569 -1,
   1569 1575 1574 -1,
   1562 1589 1563 -1,
   1589 1573 1563 -1,
   1563 1573 1569 -1,
   1573 1571 1569 -1,
   1569 1571 1570 -1,
   2660 2661 1557 -1,
   1579 2659 1577 -1,
   2659 2660 1577 -1,
   1577 2660 1569 -1,
   2660 1557 1569 -1,
   2655 2657 1578 -1,
   1558 2656 1556 -1,
   2656 2655 1556 -1,
   1556 2655 1590 -1,
   2655 1578 1590 -1,
   2656 1558 2662 -1,
   1558 1557 2662 -1,
   2662 1557 2661 -1,
   1578 2657 1579 -1,
   2657 2658 1579 -1,
   1579 2658 2659 -1,
   1630 1629 1610 -1,
   1629 1628 1610 -1,
   1610 1628 1627 -1,
   1625 1623 1610 -1,
   1623 1622 1610 -1,
   1610 1622 1630 -1,
   1595 1598 1632 -1,
   1591 1597 1632 -1,
   1597 1596 1632 -1,
   1632 1596 1595 -1,
   1625 1610 1626 -1,
   1610 1594 1626 -1,
   1626 1594 1632 -1,
   1594 1592 1632 -1,
   1632 1592 1591 -1,
   1627 1631 1610 -1,
   1631 1606 1610 -1,
   1609 1608 1631 -1,
   1608 1607 1631 -1,
   1631 1607 1606 -1,
   1604 1602 1631 -1,
   1602 1601 1631 -1,
   1631 1601 1609 -1,
   1616 1619 1611 -1,
   1612 1618 1611 -1,
   1618 1617 1611 -1,
   1611 1617 1616 -1,
   1604 1631 1605 -1,
   1631 1615 1605 -1,
   1605 1615 1611 -1,
   1615 1613 1611 -1,
   1611 1613 1612 -1,
   2651 2652 1599 -1,
   1621 2650 1619 -1,
   2650 2651 1619 -1,
   1619 2651 1611 -1,
   2651 1599 1611 -1,
   2646 2648 1620 -1,
   1600 2647 1598 -1,
   2647 2646 1598 -1,
   1598 2646 1632 -1,
   2646 1620 1632 -1,
   2647 1600 2653 -1,
   1600 1599 2653 -1,
   2653 1599 2652 -1,
   1620 2648 1621 -1,
   2648 2649 1621 -1,
   1621 2649 2650 -1,
   1672 1671 1652 -1,
   1671 1670 1652 -1,
   1652 1670 1669 -1,
   1667 1665 1652 -1,
   1665 1664 1652 -1,
   1652 1664 1672 -1,
   1637 1640 1674 -1,
   1633 1639 1674 -1,
   1639 1638 1674 -1,
   1674 1638 1637 -1,
   1667 1652 1668 -1,
   1652 1636 1668 -1,
   1668 1636 1674 -1,
   1636 1634 1674 -1,
   1674 1634 1633 -1,
   1669 1673 1652 -1,
   1673 1648 1652 -1,
   1651 1650 1673 -1,
   1650 1649 1673 -1,
   1673 1649 1648 -1,
   1646 1644 1673 -1,
   1644 1643 1673 -1,
   1673 1643 1651 -1,
   1658 1661 1653 -1,
   1654 1660 1653 -1,
   1660 1659 1653 -1,
   1653 1659 1658 -1,
   1646 1673 1647 -1,
   1673 1657 1647 -1,
   1647 1657 1653 -1,
   1657 1655 1653 -1,
   1653 1655 1654 -1,
   2636 2635 1641 -1,
   1663 2638 1661 -1,
   2638 2636 1661 -1,
   1661 2636 1653 -1,
   2636 1641 1653 -1,
   2642 2640 1662 -1,
   1642 2643 1640 -1,
   2643 2642 1640 -1,
   1640 2642 1674 -1,
   2642 1662 1674 -1,
   2643 1642 2644 -1,
   1642 1641 2644 -1,
   2644 1641 2635 -1,
   1662 2640 1663 -1,
   2640 2639 1663 -1,
   1663 2639 2638 -1,
   1714 1713 1694 -1,
   1713 1712 1694 -1,
   1694 1712 1711 -1,
   1709 1707 1694 -1,
   1707 1706 1694 -1,
   1694 1706 1714 -1,
   1679 1682 1716 -1,
   1675 1681 1716 -1,
   1681 1680 1716 -1,
   1716 1680 1679 -1,
   1709 1694 1710 -1,
   1694 1678 1710 -1,
   1710 1678 1716 -1,
   1678 1676 1716 -1,
   1716 1676 1675 -1,
   1711 1715 1694 -1,
   1715 1690 1694 -1,
   1693 1692 1715 -1,
   1692 1691 1715 -1,
   1715 1691 1690 -1,
   1688 1686 1715 -1,
   1686 1685 1715 -1,
   1715 1685 1693 -1,
   1700 1703 1695 -1,
   1696 1702 1695 -1,
   1702 1701 1695 -1,
   1695 1701 1700 -1,
   1688 1715 1689 -1,
   1715 1699 1689 -1,
   1689 1699 1695 -1,
   1699 1697 1695 -1,
   1695 1697 1696 -1,
   2628 2632 1683 -1,
   1705 2629 1703 -1,
   2629 2628 1703 -1,
   1703 2628 1695 -1,
   2628 1683 1695 -1,
   2637 2630 1704 -1,
   1684 2634 1682 -1,
   2634 2637 1682 -1,
   1682 2637 1716 -1,
   2637 1704 1716 -1
  ]
 }
}
